name,full_name,url,stars,created_at,updated_at,default_branch,releases
JavaGuide,Snailclimb/JavaGuide,https://github.com/Snailclimb/JavaGuide,154501,2018-05-07T13:27:00Z,2026-03-27T17:34:52Z,main,0
hello-algo,krahets/hello-algo,https://github.com/krahets/hello-algo,124111,2022-11-04T11:08:34Z,2026-03-27T18:36:44Z,main,0
GitHub-Chinese-Top-Charts,GrowingGit/GitHub-Chinese-Top-Charts,https://github.com/GrowingGit/GitHub-Chinese-Top-Charts,107123,2019-09-05T03:01:56Z,2026-03-27T14:45:51Z,master,0
java-design-patterns,iluwatar/java-design-patterns,https://github.com/iluwatar/java-design-patterns,93844,2014-08-09T16:45:18Z,2026-03-27T18:56:48Z,master,0
mall,macrozheng/mall,https://github.com/macrozheng/mall,83246,2018-04-04T01:11:44Z,2026-03-27T17:57:40Z,master,0
spring-boot,spring-projects/spring-boot,https://github.com/spring-projects/spring-boot,80316,2012-10-19T15:02:57Z,2026-03-27T18:54:46Z,main,0
advanced-java,doocs/advanced-java,https://github.com/doocs/advanced-java,78922,2018-10-06T11:38:30Z,2026-03-27T17:11:15Z,main,0
LeetCodeAnimation,MisterBooo/LeetCodeAnimation,https://github.com/MisterBooo/LeetCodeAnimation,76702,2018-12-06T08:01:22Z,2026-03-27T15:03:35Z,master,0
elasticsearch,elastic/elasticsearch,https://github.com/elastic/elasticsearch,76408,2010-02-08T13:20:56Z,2026-03-27T18:57:30Z,main,0
ghidra,NationalSecurityAgency/ghidra,https://github.com/NationalSecurityAgency/ghidra,66230,2019-03-01T03:27:48Z,2026-03-27T18:45:37Z,master,0
Java,TheAlgorithms/Java,https://github.com/TheAlgorithms/Java,65288,2016-07-16T10:21:02Z,2026-03-27T18:57:06Z,master,0
interviews,kdn251/interviews,https://github.com/kdn251/interviews,64939,2017-02-14T18:19:25Z,2026-03-27T16:57:55Z,master,0
spring-framework,spring-projects/spring-framework,https://github.com/spring-projects/spring-framework,59780,2010-12-08T04:04:45Z,2026-03-27T16:40:46Z,main,0
termux-app,termux/termux-app,https://github.com/termux/termux-app,52549,2015-10-23T09:42:46Z,2026-03-27T17:59:49Z,master,0
guava,google/guava,https://github.com/google/guava,51509,2014-05-29T16:23:17Z,2026-03-27T17:40:20Z,master,0
dbeaver,dbeaver/dbeaver,https://github.com/dbeaver/dbeaver,49308,2015-10-21T08:26:28Z,2026-03-27T18:41:38Z,devel,0
RxJava,ReactiveX/RxJava,https://github.com/ReactiveX/RxJava,48466,2013-01-08T20:11:48Z,2026-03-27T18:36:02Z,4.x,0
jadx,skylot/jadx,https://github.com/skylot/jadx,47820,2013-03-18T17:08:21Z,2026-03-27T17:06:58Z,master,0
JeecgBoot,jeecgboot/JeecgBoot,https://github.com/jeecgboot/JeecgBoot,45594,2018-11-26T10:40:00Z,2026-03-27T17:01:20Z,main,0
dubbo,apache/dubbo,https://github.com/apache/dubbo,41711,2012-06-19T07:56:02Z,2026-03-27T08:41:03Z,3.3,0
MPAndroidChart,PhilJay/MPAndroidChart,https://github.com/PhilJay/MPAndroidChart,38229,2014-04-25T14:29:47Z,2026-03-27T06:41:53Z,master,0
halo,halo-dev/halo,https://github.com/halo-dev/halo,38156,2018-03-21T12:56:52Z,2026-03-27T14:35:12Z,main,0
NewPipe,TeamNewPipe/NewPipe,https://github.com/TeamNewPipe/NewPipe,37671,2015-09-03T23:39:26Z,2026-03-27T18:34:08Z,dev,0
tutorials,eugenp/tutorials,https://github.com/eugenp/tutorials,37349,2013-04-29T18:26:36Z,2026-03-27T17:38:40Z,master,0
arthas,alibaba/arthas,https://github.com/alibaba/arthas,37214,2018-08-29T17:15:57Z,2026-03-27T07:00:43Z,master,0
ruoyi-vue-pro,YunaiV/ruoyi-vue-pro,https://github.com/YunaiV/ruoyi-vue-pro,36058,2021-01-24T03:18:25Z,2026-03-27T17:28:33Z,master,0
hello-algorithm,geekxh/hello-algorithm,https://github.com/geekxh/hello-algorithm,36038,2020-05-29T05:47:09Z,2026-03-27T13:43:08Z,master,0
leetcode,doocs/leetcode,https://github.com/doocs/leetcode,35829,2018-09-16T14:03:03Z,2026-03-27T18:10:11Z,main,0
lottie-android,airbnb/lottie-android,https://github.com/airbnb/lottie-android,35603,2016-10-06T22:42:42Z,2026-03-27T14:12:48Z,master,0
awesome-system-design-resources,ashishps1/awesome-system-design-resources,https://github.com/ashishps1/awesome-system-design-resources,35589,2023-10-25T01:50:42Z,2026-03-27T17:21:04Z,main,0
glide,bumptech/glide,https://github.com/bumptech/glide,35032,2013-07-08T22:52:33Z,2026-03-27T11:59:32Z,master,0
netty,netty/netty,https://github.com/netty/netty,34899,2010-11-09T09:22:21Z,2026-03-27T13:58:42Z,4.2,0
selenium,SeleniumHQ/selenium,https://github.com/SeleniumHQ/selenium,34186,2013-01-14T21:40:56Z,2026-03-27T16:59:13Z,trunk,0
spring-boot-demo,xkcoding/spring-boot-demo,https://github.com/xkcoding/spring-boot-demo,34111,2017-11-10T06:27:29Z,2026-03-27T13:11:16Z,master,0
zxing,zxing/zxing,https://github.com/zxing/zxing,33905,2011-10-12T14:07:27Z,2026-03-27T17:06:52Z,master,0
easyexcel,alibaba/easyexcel,https://github.com/alibaba/easyexcel,33769,2018-02-06T03:14:08Z,2026-03-27T13:12:51Z,master,0
AndroidUtilCode,Blankj/AndroidUtilCode,https://github.com/Blankj/AndroidUtilCode,33708,2016-07-30T18:18:32Z,2026-03-27T07:24:35Z,master,0
keycloak,keycloak/keycloak,https://github.com/keycloak/keycloak,33599,2013-07-02T13:38:51Z,2026-03-27T17:56:18Z,main,0
nacos,alibaba/nacos,https://github.com/alibaba/nacos,32764,2018-06-15T06:49:27Z,2026-03-27T09:16:49Z,develop,0
WxJava,binarywang/WxJava,https://github.com/binarywang/WxJava,32674,2016-01-06T08:24:05Z,2026-03-27T10:16:38Z,develop,0
kafka,apache/kafka,https://github.com/apache/kafka,32243,2011-08-15T18:06:16Z,2026-03-27T18:19:46Z,trunk,0
conductor,conductor-oss/conductor,https://github.com/conductor-oss/conductor,31583,2023-12-08T06:06:09Z,2026-03-27T18:10:58Z,main,0
spring-boot-examples,ityouknow/spring-boot-examples,https://github.com/ityouknow/spring-boot-examples,30637,2016-11-05T05:32:33Z,2026-03-27T08:25:44Z,master,0
hutool,chinabugotech/hutool,https://github.com/chinabugotech/hutool,30327,2014-04-13T07:23:51Z,2026-03-27T06:50:11Z,v5-master,0
xxl-job,xuxueli/xxl-job,https://github.com/xuxueli/xxl-job,29996,2015-11-28T12:59:34Z,2026-03-27T15:49:18Z,master,0
apollo,apolloconfig/apollo,https://github.com/apolloconfig/apollo,29767,2016-03-04T10:24:23Z,2026-03-26T21:40:03Z,master,0
canal,alibaba/canal,https://github.com/alibaba/canal,29647,2013-01-13T10:59:52Z,2026-03-27T10:34:01Z,master,0
SmartTube,yuliskov/SmartTube,https://github.com/yuliskov/SmartTube,29115,2020-07-28T12:53:52Z,2026-03-27T18:53:22Z,master,0
spring-cloud-alibaba,alibaba/spring-cloud-alibaba,https://github.com/alibaba/spring-cloud-alibaba,29083,2017-12-01T20:49:15Z,2026-03-27T08:32:08Z,2025.1.x,0
SpringAll,wuyouzhuguli/SpringAll,https://github.com/wuyouzhuguli/SpringAll,29011,2018-05-02T02:48:44Z,2026-03-27T08:25:32Z,master,0
Telegram,DrKLO/Telegram,https://github.com/DrKLO/Telegram,28765,2013-10-25T14:08:10Z,2026-03-27T15:42:47Z,master,0
druid,alibaba/druid,https://github.com/alibaba/druid,28211,2011-11-03T05:12:51Z,2026-03-27T06:13:44Z,master,0
vhr,lenve/vhr,https://github.com/lenve/vhr,28100,2018-01-04T08:57:51Z,2026-03-27T12:25:35Z,master,0
Mindustry,Anuken/Mindustry,https://github.com/Anuken/Mindustry,27048,2017-04-30T01:24:29Z,2026-03-27T18:03:44Z,master,0
JCSprout,crossoverJie/JCSprout,https://github.com/crossoverJie/JCSprout,26999,2017-12-17T09:06:50Z,2026-03-27T03:11:28Z,master,0
kestra,kestra-io/kestra,https://github.com/kestra-io/kestra,26609,2019-08-24T13:56:15Z,2026-03-27T16:34:49Z,develop,0
miaosha,qiurunze123/miaosha,https://github.com/qiurunze123/miaosha,26605,2018-09-14T04:36:24Z,2026-03-27T13:38:16Z,master,0
openapi-generator,OpenAPITools/openapi-generator,https://github.com/OpenAPITools/openapi-generator,26037,2018-05-12T09:57:56Z,2026-03-27T18:44:50Z,master,0
incubator-seata,apache/incubator-seata,https://github.com/apache/incubator-seata,25966,2018-12-28T08:37:22Z,2026-03-27T16:08:29Z,2.x,0
flink,apache/flink,https://github.com/apache/flink,25904,2014-06-07T07:00:10Z,2026-03-27T18:38:14Z,master,0
fastjson,alibaba/fastjson,https://github.com/alibaba/fastjson,25701,2011-11-03T06:58:52Z,2026-03-26T14:52:15Z,master,0
toBeTopJavaer,hollischuang/toBeTopJavaer,https://github.com/hollischuang/toBeTopJavaer,25459,2018-10-25T09:54:54Z,2026-03-27T14:28:17Z,master,0
butterknife,JakeWharton/butterknife,https://github.com/JakeWharton/butterknife,25413,2013-03-05T08:18:59Z,2026-03-25T16:06:56Z,master,0
Chat2DB,CodePhiliaX/Chat2DB,https://github.com/CodePhiliaX/Chat2DB,25289,2023-06-20T14:05:26Z,2026-03-27T10:34:50Z,main,0
bazel,bazelbuild/bazel,https://github.com/bazelbuild/bazel,25266,2014-06-12T16:00:38Z,2026-03-27T17:09:10Z,master,0
SmartRefreshLayout,scwang90/SmartRefreshLayout,https://github.com/scwang90/SmartRefreshLayout,25173,2017-06-02T09:52:50Z,2026-03-27T10:41:50Z,main,0
jenkins,jenkinsci/jenkins,https://github.com/jenkinsci/jenkins,25136,2010-11-22T21:21:23Z,2026-03-27T18:38:51Z,master,0
libgdx,libgdx/libgdx,https://github.com/libgdx/libgdx,24954,2012-08-10T19:34:38Z,2026-03-27T18:47:48Z,master,0
proxyee-down,proxyee-down-org/proxyee-down,https://github.com/proxyee-down-org/proxyee-down,24787,2017-10-25T10:07:27Z,2026-03-25T15:53:34Z,master,0
skywalking,apache/skywalking,https://github.com/apache/skywalking,24767,2015-11-07T03:30:36Z,2026-03-27T14:13:41Z,master,0
EventBus,greenrobot/EventBus,https://github.com/greenrobot/EventBus,24746,2012-07-16T16:55:40Z,2026-03-26T21:39:50Z,master,0
Hystrix,Netflix/Hystrix,https://github.com/Netflix/Hystrix,24466,2012-11-19T20:14:46Z,2026-03-27T07:49:27Z,master,0
gson,google/gson,https://github.com/google/gson,24351,2015-03-19T18:21:20Z,2026-03-27T11:52:10Z,main,0
redisson,redisson/redisson,https://github.com/redisson/redisson,24282,2014-01-11T14:06:25Z,2026-03-27T17:44:27Z,master,0
Apktool,iBotPeaches/Apktool,https://github.com/iBotPeaches/Apktool,24153,2012-03-19T17:46:53Z,2026-03-27T14:37:03Z,main,0
dataease,dataease/dataease,https://github.com/dataease/dataease,23683,2021-02-02T04:10:21Z,2026-03-27T17:08:06Z,dev-v2,0
FizzBuzzEnterpriseEdition,EnterpriseQualityCoding/FizzBuzzEnterpriseEdition,https://github.com/EnterpriseQualityCoding/FizzBuzzEnterpriseEdition,23570,2012-11-24T00:14:41Z,2026-03-26T18:18:37Z,uinverse,0
LSPosed,LSPosed/LSPosed,https://github.com/LSPosed/LSPosed,23256,2020-12-12T08:39:37Z,2026-03-27T18:19:50Z,master,0
source-code-hunter,doocs/source-code-hunter,https://github.com/doocs/source-code-hunter,23137,2019-10-28T01:35:10Z,2026-03-27T18:48:01Z,main,0
Sentinel,alibaba/Sentinel,https://github.com/alibaba/Sentinel,23105,2018-04-04T06:37:33Z,2026-03-27T06:10:52Z,1.8,0
awesome-low-level-design,ashishps1/awesome-low-level-design,https://github.com/ashishps1/awesome-low-level-design,22939,2023-11-17T10:15:12Z,2026-03-27T18:40:40Z,main,0
jdk,openjdk/jdk,https://github.com/openjdk/jdk,22743,2018-09-17T12:29:20Z,2026-03-27T18:41:08Z,master,0
rocketmq,apache/rocketmq,https://github.com/apache/rocketmq,22387,2016-11-30T08:00:08Z,2026-03-27T10:13:11Z,develop,0
DSA-Bootcamp-Java,kunal-kushwaha/DSA-Bootcamp-Java,https://github.com/kunal-kushwaha/DSA-Bootcamp-Java,22381,2021-07-30T12:23:25Z,2026-03-27T17:59:21Z,main,0
ExoPlayer,google/ExoPlayer,https://github.com/google/ExoPlayer,21936,2014-06-13T21:19:18Z,2026-03-27T15:27:18Z,release-v2,0
eladmin,elunez/eladmin,https://github.com/elunez/eladmin,21934,2018-12-14T08:54:24Z,2026-03-26T23:18:56Z,master,0
graal,oracle/graal,https://github.com/oracle/graal,21532,2016-01-14T17:11:35Z,2026-03-27T13:22:11Z,master,0
GSYVideoPlayer,CarGuo/GSYVideoPlayer,https://github.com/CarGuo/GSYVideoPlayer,21430,2016-11-13T12:34:31Z,2026-03-27T03:16:57Z,master,0
thingsboard,thingsboard/thingsboard,https://github.com/thingsboard/thingsboard,21427,2016-12-01T09:33:30Z,2026-03-27T09:44:35Z,master,0
HikariCP,brettwooldridge/HikariCP,https://github.com/brettwooldridge/HikariCP,21075,2013-10-08T05:43:03Z,2026-03-27T15:23:03Z,dev,0
shardingsphere,apache/shardingsphere,https://github.com/apache/shardingsphere,20703,2016-01-18T12:49:26Z,2026-03-27T10:41:43Z,master,0
DoKit,didi/DoKit,https://github.com/didi/DoKit,20434,2018-08-14T10:32:07Z,2026-03-26T03:48:23Z,master,0
mybatis-3,mybatis/mybatis-3,https://github.com/mybatis/mybatis-3,20402,2013-02-14T19:03:32Z,2026-03-27T01:47:32Z,master,0
litemall,linlinjava/litemall,https://github.com/linlinjava/litemall,20208,2018-03-22T16:42:30Z,2026-03-27T09:52:26Z,master,0
RxAndroid,ReactiveX/RxAndroid,https://github.com/ReactiveX/RxAndroid,20181,2014-08-19T03:46:38Z,2026-03-24T15:22:45Z,3.x,0
SpringBoot-Labs,yudaocode/SpringBoot-Labs,https://github.com/yudaocode/SpringBoot-Labs,20076,2018-09-12T14:51:46Z,2026-03-27T08:25:14Z,master,0
intellij-community,JetBrains/intellij-community,https://github.com/JetBrains/intellij-community,19877,2011-09-30T13:33:05Z,2026-03-27T18:46:30Z,master,0
cat,dianping/cat,https://github.com/dianping/cat,18970,2012-12-05T02:31:48Z,2026-03-27T02:01:07Z,master,0
ip2region,lionsoul2014/ip2region,https://github.com/lionsoul2014/ip2region,18873,2015-11-02T00:43:13Z,2026-03-27T07:40:17Z,master,0
PhotoView,Baseflow/PhotoView,https://github.com/Baseflow/PhotoView,18859,2012-07-17T16:39:00Z,2026-03-26T19:56:23Z,master,0
antlr4,antlr/antlr4,https://github.com/antlr/antlr4,18808,2010-02-04T01:36:28Z,2026-03-27T14:21:54Z,dev,0
yudao-cloud,YunaiV/yudao-cloud,https://github.com/YunaiV/yudao-cloud,18712,2019-05-02T16:06:49Z,2026-03-27T16:35:42Z,master,0
Sa-Token,dromara/Sa-Token,https://github.com/dromara/Sa-Token,18709,2020-02-03T10:34:29Z,2026-03-27T10:07:45Z,dev,0
Algorithms,williamfiset/Algorithms,https://github.com/williamfiset/Algorithms,18541,2017-03-18T02:50:46Z,2026-03-27T14:04:44Z,master,0
APIJSON,Tencent/APIJSON,https://github.com/Tencent/APIJSON,18409,2016-11-21T12:03:29Z,2026-03-27T08:43:30Z,master,0
disruptor,LMAX-Exchange/disruptor,https://github.com/LMAX-Exchange/disruptor,18272,2012-09-21T13:42:24Z,2026-03-27T06:14:11Z,master,0
SpringCloudLearning,forezp/SpringCloudLearning,https://github.com/forezp/SpringCloudLearning,17978,2017-04-08T10:06:56Z,2026-03-26T15:13:19Z,master,0
tinker,Tencent/tinker,https://github.com/Tencent/tinker,17820,2016-09-06T06:57:52Z,2026-03-27T09:05:52Z,dev,0
caffeine,ben-manes/caffeine,https://github.com/ben-manes/caffeine,17576,2014-12-13T08:45:11Z,2026-03-27T17:44:56Z,master,0
analysis-ik,infinilabs/analysis-ik,https://github.com/infinilabs/analysis-ik,17433,2011-12-16T09:01:45Z,2026-03-27T07:05:08Z,master,0
zipkin,openzipkin/zipkin,https://github.com/openzipkin/zipkin,17419,2012-06-06T18:26:16Z,2026-03-27T05:10:34Z,master,0
JustAuth,justauth/JustAuth,https://github.com/justauth/JustAuth,17415,2019-01-31T09:42:20Z,2026-03-26T21:40:26Z,master,0
mybatis-plus,baomidou/mybatis-plus,https://github.com/baomidou/mybatis-plus,17327,2016-08-18T10:06:53Z,2026-03-27T07:36:42Z,3.0,0
tech-interview-for-developer,gyoogle/tech-interview-for-developer,https://github.com/gyoogle/tech-interview-for-developer,17231,2019-06-09T04:42:57Z,2026-03-27T07:11:58Z,master,0
material-components-android,material-components/material-components-android,https://github.com/material-components/material-components-android,17217,2016-12-05T16:11:29Z,2026-03-27T16:33:56Z,master,0
fresco,facebook/fresco,https://github.com/facebook/fresco,17164,2015-03-02T09:58:04Z,2026-03-27T18:04:53Z,main,0
DataX,alibaba/DataX,https://github.com/alibaba/DataX,17148,2018-01-18T10:09:47Z,2026-03-27T14:03:18Z,master,0
Android-Universal-Image-Loader,nostra13/Android-Universal-Image-Loader,https://github.com/nostra13/Android-Universal-Image-Loader,17056,2011-11-27T18:48:23Z,2026-03-27T13:52:37Z,master,0
BigData-Notes,heibaiying/BigData-Notes,https://github.com/heibaiying/BigData-Notes,16882,2019-03-10T01:40:01Z,2026-03-27T10:48:24Z,master,0
questdb,questdb/questdb,https://github.com/questdb/questdb,16792,2014-04-28T23:29:15Z,2026-03-27T16:38:27Z,master,0
java8-tutorial,winterbe/java8-tutorial,https://github.com/winterbe/java8-tutorial,16769,2014-03-16T17:25:43Z,2026-03-27T18:18:27Z,master,0
Grasscutter,Grasscutters/Grasscutter,https://github.com/Grasscutters/Grasscutter,16768,2022-04-17T12:43:46Z,2026-03-27T17:28:09Z,development,0
zheng,shuzheng/zheng,https://github.com/shuzheng/zheng,16702,2016-10-04T10:07:06Z,2026-03-27T08:34:53Z,master,0
presto,prestodb/presto,https://github.com/prestodb/presto,16669,2012-08-09T01:03:37Z,2026-03-27T18:54:34Z,master,0
springboot-learning-example,JeffLi1993/springboot-learning-example,https://github.com/JeffLi1993/springboot-learning-example,16592,2017-02-06T07:02:25Z,2026-03-27T09:52:16Z,master,0
neo4j,neo4j/neo4j,https://github.com/neo4j/neo4j,16192,2012-11-12T08:46:15Z,2026-03-27T15:12:05Z,release/5.26.0,0
awesome-leetcode-resources,ashishps1/awesome-leetcode-resources,https://github.com/ashishps1/awesome-leetcode-resources,16095,2023-10-25T01:48:19Z,2026-03-27T14:07:28Z,main,0
VirtualXposed,android-hacker/VirtualXposed,https://github.com/android-hacker/VirtualXposed,15991,2017-12-01T09:00:58Z,2026-03-27T17:08:55Z,vxp,0
SpringBoot-Learning,dyc87112/SpringBoot-Learning,https://github.com/dyc87112/SpringBoot-Learning,15788,2016-08-21T03:39:06Z,2026-03-27T09:52:08Z,master,0
quarkus,quarkusio/quarkus,https://github.com/quarkusio/quarkus,15565,2018-07-06T00:44:20Z,2026-03-27T17:51:07Z,main,0
Android-CleanArchitecture,android10/Android-CleanArchitecture,https://github.com/android10/Android-CleanArchitecture,15561,2014-08-19T14:09:26Z,2026-03-26T14:55:06Z,master,0
hadoop,apache/hadoop,https://github.com/apache/hadoop,15511,2014-08-28T07:00:08Z,2026-03-27T15:49:07Z,trunk,0
bytecode-viewer,Konloch/bytecode-viewer,https://github.com/Konloch/bytecode-viewer,15460,2014-10-14T10:26:46Z,2026-03-26T07:15:03Z,master,0
mockito,mockito/mockito,https://github.com/mockito/mockito,15433,2012-10-13T20:27:12Z,2026-03-27T13:42:01Z,main,0
pulsar,apache/pulsar,https://github.com/apache/pulsar,15177,2016-06-28T07:00:03Z,2026-03-27T15:17:02Z,master,0
doris,apache/doris,https://github.com/apache/doris,15160,2017-08-10T12:13:30Z,2026-03-27T13:21:50Z,master,0
jd-gui,java-decompiler/jd-gui,https://github.com/java-decompiler/jd-gui,15059,2015-03-25T05:28:41Z,2026-03-27T13:22:47Z,master,0
flink-learning,zhisheng17/flink-learning,https://github.com/zhisheng17/flink-learning,15057,2019-01-01T07:38:28Z,2026-03-27T08:49:38Z,master,0
supertokens-core,supertokens/supertokens-core,https://github.com/supertokens/supertokens-core,14988,2020-01-05T13:30:52Z,2026-03-27T09:07:45Z,master,0
zaproxy,zaproxy/zaproxy,https://github.com/zaproxy/zaproxy,14916,2015-06-03T16:55:01Z,2026-03-27T17:06:14Z,main,0
cryptomator,cryptomator/cryptomator,https://github.com/cryptomator/cryptomator,14845,2014-02-02T00:43:47Z,2026-03-27T18:08:49Z,develop,0
logstash,elastic/logstash,https://github.com/elastic/logstash,14816,2010-11-18T01:31:50Z,2026-03-27T07:52:44Z,main,0
onedev,theonedev/onedev,https://github.com/theonedev/onedev,14808,2018-11-06T02:57:01Z,2026-03-27T12:17:22Z,main,0
vert.x,eclipse-vertx/vert.x,https://github.com/eclipse-vertx/vert.x,14658,2011-06-17T14:54:55Z,2026-03-27T13:42:33Z,master,0
Arduino,arduino/Arduino,https://github.com/arduino/Arduino,14553,2010-09-17T19:10:36Z,2026-03-27T00:07:14Z,master,0
CircleImageView,hdodenhof/CircleImageView,https://github.com/hdodenhof/CircleImageView,14543,2014-01-17T16:44:46Z,2026-03-25T16:07:04Z,master,0
QMUI_Android,Tencent/QMUI_Android,https://github.com/Tencent/QMUI_Android,14522,2017-04-21T10:03:18Z,2026-03-25T16:04:28Z,master,0
ARouter,alibaba/ARouter,https://github.com/alibaba/ARouter,14501,2016-12-14T01:27:49Z,2026-03-26T06:26:39Z,develop,0
jib,GoogleContainerTools/jib,https://github.com/GoogleContainerTools/jib,14365,2018-01-22T18:30:43Z,2026-03-27T14:39:54Z,master,0
languagetool,languagetool-org/languagetool,https://github.com/languagetool-org/languagetool,14223,2013-08-08T16:37:22Z,2026-03-27T17:29:45Z,master,0
deeplearning4j,deeplearning4j/deeplearning4j,https://github.com/deeplearning4j/deeplearning4j,14214,2013-11-27T02:03:28Z,2026-03-25T16:41:11Z,master,0
dolphinscheduler,apache/dolphinscheduler,https://github.com/apache/dolphinscheduler,14202,2019-03-01T16:39:25Z,2026-03-27T07:00:50Z,dev,0
Java,DuGuQiuBai/Java,https://github.com/DuGuQiuBai/Java,14197,2015-11-25T07:30:08Z,2026-03-27T17:39:24Z,master,0
kkFileView,kekingcn/kkFileView,https://github.com/kekingcn/kkFileView,14026,2017-12-12T11:41:08Z,2026-03-27T04:33:02Z,master,0
zuul,Netflix/zuul,https://github.com/Netflix/zuul,13999,2013-03-13T18:53:57Z,2026-03-27T08:17:10Z,master,0
mit-deep-learning-book-pdf,janishar/mit-deep-learning-book-pdf,https://github.com/janishar/mit-deep-learning-book-pdf,13969,2017-04-07T10:46:50Z,2026-03-27T05:10:18Z,master,0
druid,apache/druid,https://github.com/apache/druid,13967,2012-10-23T19:08:07Z,2026-03-27T16:35:23Z,master,0
xpipe,xpipe-io/xpipe,https://github.com/xpipe-io/xpipe,13916,2023-01-27T02:25:38Z,2026-03-27T18:13:44Z,master,0
piggymetrics,sqshq/piggymetrics,https://github.com/sqshq/piggymetrics,13882,2015-03-29T17:56:31Z,2026-03-26T18:05:58Z,master,0
logger,orhanobut/logger,https://github.com/orhanobut/logger,13879,2015-03-20T22:30:12Z,2026-03-21T06:53:29Z,master,0
pinpoint,pinpoint-apm/pinpoint,https://github.com/pinpoint-apm/pinpoint,13816,2014-10-20T09:27:22Z,2026-03-27T03:24:26Z,master,0
Material-Animations,lgvalle/Material-Animations,https://github.com/lgvalle/Material-Animations,13797,2015-03-08T20:54:00Z,2026-03-27T18:23:43Z,master,0
spring-analysis,seaswalker/spring-analysis,https://github.com/seaswalker/spring-analysis,13762,2016-09-09T07:46:32Z,2026-03-27T07:50:17Z,master,0
AndroidAutoSize,JessYanCoding/AndroidAutoSize,https://github.com/JessYanCoding/AndroidAutoSize,13748,2018-08-17T09:04:19Z,2026-03-26T07:09:39Z,master,0
PictureSelector,LuckSiege/PictureSelector,https://github.com/LuckSiege/PictureSelector,13595,2017-01-04T07:47:39Z,2026-03-27T09:05:49Z,version_component,0
tink,tink-crypto/tink,https://github.com/tink-crypto/tink,13559,2014-06-06T16:21:09Z,2026-03-26T22:47:55Z,master,0
Android-PickerView,Bigkoo/Android-PickerView,https://github.com/Bigkoo/Android-PickerView,13469,2014-12-28T01:46:38Z,2026-03-26T03:23:52Z,master,0
lombok,projectlombok/lombok,https://github.com/projectlombok/lombok,13429,2009-06-08T19:46:41Z,2026-03-27T09:51:43Z,master,0
mall-learning,macrozheng/mall-learning,https://github.com/macrozheng/mall-learning,13367,2019-04-12T13:20:31Z,2026-03-27T13:20:10Z,master,0
dex2jar,pxb1988/dex2jar,https://github.com/pxb1988/dex2jar,13101,2015-03-16T09:13:07Z,2026-03-27T11:32:43Z,2.x,0
metersphere,metersphere/metersphere,https://github.com/metersphere/metersphere,13047,2020-02-03T02:06:12Z,2026-03-27T11:20:22Z,v3.x,0
banner,youth5201314/banner,https://github.com/youth5201314/banner,13039,2016-04-22T05:50:25Z,2026-03-27T09:00:51Z,master,0
COLA,alibaba/COLA,https://github.com/alibaba/COLA,12920,2018-02-06T13:46:27Z,2026-03-27T09:10:05Z,master,0
mall-swarm,macrozheng/mall-swarm,https://github.com/macrozheng/mall-swarm,12892,2019-11-25T06:55:31Z,2026-03-27T12:43:25Z,master,0
plantuml,plantuml/plantuml,https://github.com/plantuml/plantuml,12844,2010-11-04T15:55:50Z,2026-03-27T18:41:39Z,master,0
spring-boot-admin,codecentric/spring-boot-admin,https://github.com/codecentric/spring-boot-admin,12824,2014-07-25T11:39:13Z,2026-03-27T18:00:45Z,master,0
conductor,Netflix/conductor,https://github.com/Netflix/conductor,12788,2016-12-07T22:48:42Z,2026-03-25T08:57:31Z,main,0
zookeeper,apache/zookeeper,https://github.com/apache/zookeeper,12743,2009-03-27T15:41:56Z,2026-03-27T17:59:21Z,master,0
guice,google/guice,https://github.com/google/guice,12733,2014-05-28T23:18:53Z,2026-03-26T22:02:15Z,master,0
GmsCore,microg/GmsCore,https://github.com/microg/GmsCore,12715,2014-04-23T19:28:47Z,2026-03-27T17:23:24Z,master,0
stetho,facebook/stetho,https://github.com/facebook/stetho,12701,2015-01-22T22:34:10Z,2026-03-24T13:33:53Z,main,0
eureka,Netflix/eureka,https://github.com/Netflix/eureka,12698,2012-07-26T22:23:07Z,2026-03-27T18:45:31Z,master,0
trino,trinodb/trino,https://github.com/trinodb/trino,12665,2019-01-19T06:38:14Z,2026-03-27T13:23:24Z,master,0
OpenSearch,opensearch-project/OpenSearch,https://github.com/opensearch-project/OpenSearch,12650,2021-01-29T22:10:00Z,2026-03-27T18:00:57Z,main,0
greenDAO,greenrobot/greenDAO,https://github.com/greenrobot/greenDAO,12617,2011-10-22T16:15:14Z,2026-03-24T10:16:54Z,master,0
Matisse,zhihu/Matisse,https://github.com/zhihu/Matisse,12564,2017-04-13T01:31:05Z,2026-03-26T01:29:26Z,master,0
debezium,debezium/debezium,https://github.com/debezium/debezium,12554,2016-01-22T20:17:05Z,2026-03-27T18:19:22Z,main,0
AndroidViewAnimations,daimajia/AndroidViewAnimations,https://github.com/daimajia/AndroidViewAnimations,12473,2014-06-23T03:53:13Z,2026-03-25T16:07:08Z,master,0
lawnchair,LawnchairLauncher/lawnchair,https://github.com/LawnchairLauncher/lawnchair,12455,2017-03-03T13:12:58Z,2026-03-27T18:42:58Z,16-dev,0
Mybatis-PageHelper,pagehelper-org/Mybatis-PageHelper,https://github.com/pagehelper-org/Mybatis-PageHelper,12383,2014-06-09T15:32:30Z,2026-03-27T11:03:18Z,master,0
AndroidSwipeLayout,daimajia/AndroidSwipeLayout,https://github.com/daimajia/AndroidSwipeLayout,12382,2014-08-25T04:09:33Z,2026-03-25T14:17:05Z,master,0
jedis,redis/jedis,https://github.com/redis/jedis,12299,2010-06-11T13:04:43Z,2026-03-27T17:40:29Z,master,0
android-interview-questions,amitshekhariitbhu/android-interview-questions,https://github.com/amitshekhariitbhu/android-interview-questions,12292,2017-07-09T18:47:24Z,2026-03-27T14:00:21Z,master,0
xManager,Team-xManager/xManager,https://github.com/Team-xManager/xManager,12188,2021-02-08T11:31:10Z,2026-03-27T13:23:22Z,main,0
Aegis,beemdevelopment/Aegis,https://github.com/beemdevelopment/Aegis,12180,2016-08-15T19:10:31Z,2026-03-27T14:14:01Z,master,0
uCrop,Yalantis/uCrop,https://github.com/Yalantis/uCrop,12120,2016-01-05T13:41:06Z,2026-03-27T16:25:14Z,develop,0
Paper,PaperMC/Paper,https://github.com/PaperMC/Paper,12048,2016-01-22T05:40:19Z,2026-03-27T18:02:04Z,main,0
grpc-java,grpc/grpc-java,https://github.com/grpc/grpc-java,11999,2014-12-08T19:00:00Z,2026-03-27T15:51:50Z,master,0
matrix,Tencent/matrix,https://github.com/Tencent/matrix,11999,2018-12-11T07:08:02Z,2026-03-27T07:54:39Z,master,0
kafka-ui,provectus/kafka-ui,https://github.com/provectus/kafka-ui,11986,2019-11-26T15:55:55Z,2026-03-27T16:24:14Z,master,0
VasSonic,Tencent/VasSonic,https://github.com/Tencent/VasSonic,11879,2017-08-01T08:35:13Z,2026-03-26T03:19:29Z,master,0
OpenRefine,OpenRefine/OpenRefine,https://github.com/OpenRefine/OpenRefine,11788,2012-10-15T02:22:48Z,2026-03-26T14:37:51Z,master,0
datahub,datahub-project/datahub,https://github.com/datahub-project/datahub,11729,2015-11-18T05:47:40Z,2026-03-27T18:15:55Z,master,0
webmagic,code4craft/webmagic,https://github.com/code4craft/webmagic,11696,2013-04-23T12:57:36Z,2026-03-24T02:14:18Z,develop,0
fullstack-tutorial,frank-lam/fullstack-tutorial,https://github.com/frank-lam/fullstack-tutorial,11695,2018-04-13T01:50:10Z,2026-03-27T07:05:06Z,master,0
joyagent-jdgenie,jd-opensource/joyagent-jdgenie,https://github.com/jd-opensource/joyagent-jdgenie,11598,2025-07-16T02:59:53Z,2026-03-27T15:31:02Z,data_agent,0
newbee-mall,newbee-ltd/newbee-mall,https://github.com/newbee-ltd/newbee-mall,11541,2019-09-21T03:56:04Z,2026-03-27T08:00:48Z,master,0
starrocks,StarRocks/starrocks,https://github.com/StarRocks/starrocks,11512,2021-09-04T02:29:35Z,2026-03-27T16:56:10Z,main,0
realm-java,realm/realm-java,https://github.com/realm/realm-java,11489,2012-04-20T09:18:42Z,2026-03-20T04:58:46Z,main,0
CtCI-6th-Edition,careercup/CtCI-6th-Edition,https://github.com/careercup/CtCI-6th-Edition,11475,2015-07-02T06:28:46Z,2026-03-27T15:59:04Z,master,0
ImmersionBar,gyf-dev/ImmersionBar,https://github.com/gyf-dev/ImmersionBar,11469,2017-04-19T05:10:09Z,2026-03-26T08:41:37Z,master,0
jsoup,jhy/jsoup,https://github.com/jhy/jsoup,11362,2009-12-19T01:29:58Z,2026-03-27T13:16:55Z,master,0
langchain4j,langchain4j/langchain4j,https://github.com/langchain4j/langchain4j,11342,2023-06-20T15:30:29Z,2026-03-27T16:10:28Z,main,0
spider-flow,ssssssss-team/spider-flow,https://github.com/ssssssss-team/spider-flow,11318,2020-03-27T11:07:15Z,2026-03-26T18:35:32Z,master,0
interview,mission-peace/interview,https://github.com/mission-peace/interview,11308,2014-07-20T21:27:31Z,2026-03-27T08:20:14Z,master,0
cas,apereo/cas,https://github.com/apereo/cas,11308,2011-09-09T01:36:42Z,2026-03-27T13:42:19Z,master,0
PermissionsDispatcher,permissions-dispatcher/PermissionsDispatcher,https://github.com/permissions-dispatcher/PermissionsDispatcher,11203,2015-08-15T21:41:05Z,2026-03-27T01:05:22Z,master,0
SmarterStreaming,daniulive/SmarterStreaming,https://github.com/daniulive/SmarterStreaming,11165,2016-03-26T14:46:02Z,2026-03-25T08:31:03Z,master,0
FileDownloader,lingochamp/FileDownloader,https://github.com/lingochamp/FileDownloader,11124,2015-12-22T11:17:16Z,2026-03-26T03:19:43Z,master,0
FlycoTabLayout,H07000223/FlycoTabLayout,https://github.com/H07000223/FlycoTabLayout,11112,2015-11-09T01:53:19Z,2026-03-26T03:21:01Z,master,0
pkl,apple/pkl,https://github.com/apple/pkl,11107,2024-01-19T17:28:45Z,2026-03-27T11:30:13Z,main,0
jjwt,jwtk/jjwt,https://github.com/jwtk/jjwt,11054,2014-09-13T01:06:24Z,2026-03-26T18:29:01Z,master,0
SlidingMenu,jfeinstein10/SlidingMenu,https://github.com/jfeinstein10/SlidingMenu,11025,2012-06-30T05:14:23Z,2026-03-26T01:58:17Z,master,0
androidannotations,androidannotations/androidannotations,https://github.com/androidannotations/androidannotations,11008,2012-01-06T08:48:03Z,2026-03-26T03:21:33Z,develop,0
VirtualApp,asLody/VirtualApp,https://github.com/asLody/VirtualApp,10950,2016-07-06T13:25:23Z,2026-03-26T03:29:05Z,master,0
javapoet,square/javapoet,https://github.com/square/javapoet,10861,2013-02-01T16:56:30Z,2026-03-27T09:47:16Z,master,0
clojure,clojure/clojure,https://github.com/clojure/clojure,10832,2010-06-29T20:03:33Z,2026-03-27T02:23:02Z,master,0
platform_frameworks_base,aosp-mirror/platform_frameworks_base,https://github.com/aosp-mirror/platform_frameworks_base,10822,2008-10-21T18:20:37Z,2026-03-27T01:05:17Z,main,0
Java-WebSocket,TooTallNate/Java-WebSocket,https://github.com/TooTallNate/Java-WebSocket,10800,2010-01-20T23:33:04Z,2026-03-27T12:23:35Z,master,0
astron-agent,iflytek/astron-agent,https://github.com/iflytek/astron-agent,10766,2025-09-19T08:46:01Z,2026-03-27T18:53:06Z,main,0
vlayout,alibaba/vlayout,https://github.com/alibaba/vlayout,10762,2017-02-27T08:11:47Z,2026-03-27T01:37:29Z,master,0
zfile,zfile-dev/zfile,https://github.com/zfile-dev/zfile,10714,2019-08-19T13:57:56Z,2026-03-27T05:58:31Z,main,0
android-async-http,android-async-http/android-async-http,https://github.com/android-async-http/android-async-http,10622,2011-02-20T03:25:07Z,2026-03-20T05:00:39Z,master,0
resilience4j,resilience4j/resilience4j,https://github.com/resilience4j/resilience4j,10605,2015-06-03T09:21:01Z,2026-03-26T16:39:41Z,master,0
okhttp-OkGo,jeasonlzy/okhttp-OkGo,https://github.com/jeasonlzy/okhttp-OkGo,10587,2016-01-15T10:35:24Z,2026-03-26T02:38:26Z,master,0
auto,google/auto,https://github.com/google/auto,10557,2013-05-22T21:41:56Z,2026-03-25T16:51:00Z,main,0
Activiti,Activiti/Activiti,https://github.com/Activiti/Activiti,10521,2012-09-13T11:34:43Z,2026-03-27T11:00:19Z,develop,0
JiaoZiVideoPlayer,lipangit/JiaoZiVideoPlayer,https://github.com/lipangit/JiaoZiVideoPlayer,10504,2016-02-06T11:04:24Z,2026-03-26T01:59:37Z,develop,0
Signal-Server,signalapp/Signal-Server,https://github.com/signalapp/Signal-Server,10462,2013-12-09T07:10:36Z,2026-03-27T14:30:38Z,main,0
RxPermissions,tbruyelle/RxPermissions,https://github.com/tbruyelle/RxPermissions,10441,2015-09-29T13:55:09Z,2026-03-24T10:16:58Z,master,0
aws-doc-sdk-examples,awsdocs/aws-doc-sdk-examples,https://github.com/awsdocs/aws-doc-sdk-examples,10386,2016-08-18T19:06:57Z,2026-03-27T01:12:22Z,main,0
sonarqube,SonarSource/sonarqube,https://github.com/SonarSource/sonarqube,10375,2011-01-05T11:05:17Z,2026-03-27T18:42:02Z,master,0
LSPosed,JingMatrix/LSPosed,https://github.com/JingMatrix/LSPosed,10310,2023-07-20T18:03:30Z,2026-03-27T18:49:53Z,master,0
MVPArms,JessYanCoding/MVPArms,https://github.com/JessYanCoding/MVPArms,10275,2016-08-06T08:49:56Z,2026-03-24T15:09:49Z,master,0
GoGoGo,ZCShou/GoGoGo,https://github.com/ZCShou/GoGoGo,10133,2021-12-03T06:59:39Z,2026-03-27T18:54:09Z,master,0
ViewPagerIndicator,JakeWharton/ViewPagerIndicator,https://github.com/JakeWharton/ViewPagerIndicator,10086,2011-08-04T17:13:44Z,2026-03-25T02:53:49Z,master,0
CoreNLP,stanfordnlp/CoreNLP,https://github.com/stanfordnlp/CoreNLP,10062,2013-06-27T21:13:49Z,2026-03-27T01:09:53Z,main,0
JsBridge,happydog-intj/JsBridge,https://github.com/happydog-intj/JsBridge,9930,2015-02-26T12:10:58Z,2026-03-26T03:23:22Z,master,0
spring-reading,xuchengsheng/spring-reading,https://github.com/xuchengsheng/spring-reading,9928,2023-09-15T06:42:44Z,2026-03-27T16:55:41Z,master,0
glide-transformations,wasabeef/glide-transformations,https://github.com/wasabeef/glide-transformations,9910,2015-01-09T10:33:29Z,2026-03-27T02:56:01Z,main,0
easypermissions,googlesamples/easypermissions,https://github.com/googlesamples/easypermissions,9898,2015-12-22T18:05:53Z,2026-03-27T14:10:23Z,master,0
paascloud-master,paascloud/paascloud-master,https://github.com/paascloud/paascloud-master,9887,2018-03-17T05:40:43Z,2026-03-27T15:23:54Z,master,0
opendataloader-pdf,opendataloader-project/opendataloader-pdf,https://github.com/opendataloader-project/opendataloader-pdf,9832,2025-05-13T05:48:02Z,2026-03-27T18:50:01Z,main,0
MagicIndicator,hackware1993/MagicIndicator,https://github.com/hackware1993/MagicIndicator,9812,2016-06-26T08:20:43Z,2026-03-26T08:40:29Z,main,0
feign,OpenFeign/feign,https://github.com/OpenFeign/feign,9786,2013-06-26T23:28:16Z,2026-03-27T07:49:22Z,master,0
AVLoadingIndicatorView,HarlonWang/AVLoadingIndicatorView,https://github.com/HarlonWang/AVLoadingIndicatorView,9779,2015-10-24T20:18:33Z,2026-03-26T03:23:18Z,master,0
spring-boot-api-project-seed,lihengming/spring-boot-api-project-seed,https://github.com/lihengming/spring-boot-api-project-seed,9714,2017-06-23T10:06:30Z,2026-03-27T09:43:29Z,master,0
spinnaker,spinnaker/spinnaker,https://github.com/spinnaker/spinnaker,9709,2014-07-02T19:02:36Z,2026-03-27T18:20:01Z,main,0
Fragmentation,YoKeyword/Fragmentation,https://github.com/YoKeyword/Fragmentation,9706,2016-02-23T08:54:55Z,2026-03-26T11:54:34Z,androidx,0
cassandra,apache/cassandra,https://github.com/apache/cassandra,9677,2009-05-21T02:10:09Z,2026-03-27T17:46:13Z,trunk,0
spark,perwendel/spark,https://github.com/perwendel/spark,9666,2011-05-05T11:52:05Z,2026-03-27T13:53:53Z,master,0
android-gif-drawable,koral--/android-gif-drawable,https://github.com/koral--/android-gif-drawable,9661,2013-01-30T01:37:46Z,2026-03-25T22:37:30Z,dev,0
react-native-camera,react-native-camera/react-native-camera,https://github.com/react-native-camera/react-native-camera,9648,2015-04-01T00:54:40Z,2026-03-24T09:23:42Z,deprecation-note,0
automq,AutoMQ/automq,https://github.com/AutoMQ/automq,9628,2023-08-17T07:50:13Z,2026-03-26T20:48:49Z,main,0
Android-ObservableScrollView,ksoichiro/Android-ObservableScrollView,https://github.com/ksoichiro/Android-ObservableScrollView,9626,2014-11-08T14:45:20Z,2026-03-23T15:43:31Z,master,0
flyway,flyway/flyway,https://github.com/flyway/flyway,9622,2012-12-14T18:43:22Z,2026-03-27T01:18:48Z,main,0
DanmakuFlameMaster,bilibili/DanmakuFlameMaster,https://github.com/bilibili/DanmakuFlameMaster,9613,2013-08-11T12:18:50Z,2026-03-27T11:33:47Z,master,0
EhViewer,seven332/EhViewer,https://github.com/seven332/EhViewer,9549,2014-05-14T12:03:52Z,2026-03-27T03:01:22Z,master,0
Mycat-Server,MyCATApache/Mycat-Server,https://github.com/MyCATApache/Mycat-Server,9543,2014-12-04T02:46:54Z,2026-03-27T07:27:29Z,main,0
android-Ultra-Pull-To-Refresh,liaohuqiu/android-Ultra-Pull-To-Refresh,https://github.com/liaohuqiu/android-Ultra-Pull-To-Refresh,9531,2014-11-13T03:13:10Z,2026-03-26T03:23:42Z,master,0
cim,crossoverJie/cim,https://github.com/crossoverJie/cim,9489,2018-05-20T15:55:56Z,2026-03-26T15:52:01Z,master,0
AndroidSlidingUpPanel,umano/AndroidSlidingUpPanel,https://github.com/umano/AndroidSlidingUpPanel,9484,2013-05-31T18:33:53Z,2026-03-15T02:59:23Z,master,0
spring-security,spring-projects/spring-security,https://github.com/spring-projects/spring-security,9477,2012-01-10T21:50:57Z,2026-03-27T18:15:20Z,main,0
AgentWeb,Justson/AgentWeb,https://github.com/Justson/AgentWeb,9411,2017-05-12T07:45:56Z,2026-03-24T15:54:56Z,androidx,0
JsonPath,json-path/JsonPath,https://github.com/json-path/JsonPath,9394,2011-01-24T13:19:19Z,2026-03-25T23:07:25Z,master,0
PocketHub,pockethub/PocketHub,https://github.com/pockethub/PocketHub,9381,2011-09-08T16:52:50Z,2026-03-27T15:15:58Z,master,0
CalendarView,huanghaibin-dev/CalendarView,https://github.com/huanghaibin-dev/CalendarView,9370,2017-03-11T07:16:09Z,2026-03-25T05:46:31Z,master,0
AndroidNote,GcsSloop/AndroidNote,https://github.com/GcsSloop/AndroidNote,9340,2016-01-04T23:51:36Z,2026-03-26T02:35:00Z,master,0
testing-samples,android/testing-samples,https://github.com/android/testing-samples,9302,2014-10-11T03:51:27Z,2026-03-25T12:20:24Z,main,0
jmeter,apache/jmeter,https://github.com/apache/jmeter,9290,2010-05-26T23:38:07Z,2026-03-26T22:34:44Z,master,0
seatunnel,apache/seatunnel,https://github.com/apache/seatunnel,9206,2017-08-05T09:14:47Z,2026-03-27T16:16:16Z,dev,0
android-gpuimage,cats-oss/android-gpuimage,https://github.com/cats-oss/android-gpuimage,9157,2012-10-04T08:11:58Z,2026-03-27T00:37:50Z,master,0
flowable-engine,flowable/flowable-engine,https://github.com/flowable/flowable-engine,9152,2016-10-13T07:21:43Z,2026-03-27T17:57:43Z,main,0
VirtualAPK,didi/VirtualAPK,https://github.com/didi/VirtualAPK,9067,2017-06-29T07:25:05Z,2026-03-26T20:59:55Z,master,0
HMCL,HMCL-dev/HMCL,https://github.com/HMCL-dev/HMCL,9013,2015-06-22T08:06:03Z,2026-03-27T16:03:17Z,main,0
spring-ai-alibaba,alibaba/spring-ai-alibaba,https://github.com/alibaba/spring-ai-alibaba,8974,2024-09-09T01:35:50Z,2026-03-27T18:21:21Z,main,0
Jetpack-MVVM-Best-Practice,KunMinX/Jetpack-MVVM-Best-Practice,https://github.com/KunMinX/Jetpack-MVVM-Best-Practice,8951,2019-10-31T05:21:01Z,2026-03-23T07:29:35Z,master,0
MaterialDesignLibrary,navasmdc/MaterialDesignLibrary,https://github.com/navasmdc/MaterialDesignLibrary,8944,2014-09-30T07:37:17Z,2026-03-25T16:07:12Z,master,0
Android_Data,Freelander/Android_Data,https://github.com/Freelander/Android_Data,8919,2015-04-04T01:37:44Z,2026-03-27T15:03:28Z,master,0
LSPatch,LSPosed/LSPatch,https://github.com/LSPosed/LSPatch,8917,2021-03-01T19:38:36Z,2026-03-27T17:00:24Z,master,0
jna,java-native-access/jna,https://github.com/java-native-access/jna,8908,2011-04-29T13:30:29Z,2026-03-27T01:24:31Z,master,0
checkstyle,checkstyle/checkstyle,https://github.com/checkstyle/checkstyle,8903,2013-08-31T02:05:05Z,2026-03-27T18:57:53Z,master,0
ysoserial,frohoff/ysoserial,https://github.com/frohoff/ysoserial,8826,2015-01-28T07:13:55Z,2026-03-26T09:22:31Z,master,0
karate,karatelabs/karate,https://github.com/karatelabs/karate,8817,2017-02-07T15:59:17Z,2026-03-27T14:42:49Z,main,0
PojavLauncher,PojavLauncherTeam/PojavLauncher,https://github.com/PojavLauncherTeam/PojavLauncher,8809,2020-03-11T03:22:54Z,2026-03-27T18:33:13Z,v3_openjdk,0
storm,nathanmarz/storm,https://github.com/nathanmarz/storm,8789,2011-09-17T07:55:13Z,2026-03-23T12:03:22Z,moved-to-apache,0
shenyu,apache/shenyu,https://github.com/apache/shenyu,8783,2018-07-11T08:17:45Z,2026-03-27T14:01:23Z,master,0
StatusBarUtil,laobie/StatusBarUtil,https://github.com/laobie/StatusBarUtil,8771,2016-02-15T03:06:06Z,2026-03-26T02:39:22Z,master,0
baritone,cabaletta/baritone,https://github.com/cabaletta/baritone,8760,2018-08-01T15:34:21Z,2026-03-27T18:57:06Z,1.19.4,0
awesome-java-leetcode,Blankj/awesome-java-leetcode,https://github.com/Blankj/awesome-java-leetcode,8737,2017-04-17T15:51:41Z,2026-03-25T15:42:40Z,master,0
iceberg,apache/iceberg,https://github.com/apache/iceberg,8671,2018-11-19T16:26:46Z,2026-03-27T18:30:11Z,main,0
Android-PullToRefresh,chrisbanes/Android-PullToRefresh,https://github.com/chrisbanes/Android-PullToRefresh,8665,2011-11-29T09:59:56Z,2026-03-20T05:00:36Z,master,0
Android-SpinKit,ybq/Android-SpinKit,https://github.com/ybq/Android-SpinKit,8653,2016-03-20T08:40:51Z,2026-03-26T02:39:46Z,master,0
Android-Debug-Database,amitshekhariitbhu/Android-Debug-Database,https://github.com/amitshekhariitbhu/Android-Debug-Database,8646,2016-11-16T14:20:24Z,2026-03-27T15:03:35Z,master,0
react-native-image-picker,react-native-image-picker/react-native-image-picker,https://github.com/react-native-image-picker/react-native-image-picker,8637,2015-06-08T20:25:31Z,2026-03-26T00:41:39Z,main,0
AndResGuard,shwenzhang/AndResGuard,https://github.com/shwenzhang/AndResGuard,8635,2015-10-11T11:48:06Z,2026-03-27T02:47:30Z,master,0
testcontainers-java,testcontainers/testcontainers-java,https://github.com/testcontainers/testcontainers-java,8615,2015-04-12T12:44:59Z,2026-03-27T14:11:06Z,main,0
dropwizard,dropwizard/dropwizard,https://github.com/dropwizard/dropwizard,8602,2011-01-19T19:52:29Z,2026-03-26T21:39:47Z,release/5.0.x,0
epoxy,airbnb/epoxy,https://github.com/airbnb/epoxy,8571,2016-08-08T23:05:11Z,2026-03-25T18:33:22Z,master,0
buck,facebook/buck,https://github.com/facebook/buck,8562,2013-04-17T18:12:18Z,2026-03-19T17:49:48Z,main,0
tsunami-security-scanner,google/tsunami-security-scanner,https://github.com/google/tsunami-security-scanner,8557,2020-06-03T16:20:00Z,2026-03-26T16:25:17Z,master,0
junit4,junit-team/junit4,https://github.com/junit-team/junit4,8553,2009-01-13T03:41:26Z,2026-03-27T13:14:52Z,main,0
Calligraphy,chrisjenx/Calligraphy,https://github.com/chrisjenx/Calligraphy,8545,2013-12-20T02:35:45Z,2026-03-25T16:07:03Z,master,0
aeron,aeron-io/aeron,https://github.com/aeron-io/aeron,8534,2014-02-07T17:16:58Z,2026-03-27T13:54:21Z,master,0
beam,apache/beam,https://github.com/apache/beam,8528,2016-02-02T08:00:06Z,2026-03-27T14:23:54Z,master,0
im-server,wildfirechat/im-server,https://github.com/wildfirechat/im-server,8464,2019-01-23T15:21:28Z,2026-03-27T16:56:55Z,wildfirechat,0
AndroidPdfViewer,DImuthuUpe/AndroidPdfViewer,https://github.com/DImuthuUpe/AndroidPdfViewer,8463,2016-06-02T20:21:21Z,2026-03-25T16:07:03Z,master,0
hsweb-framework,hs-web/hsweb-framework,https://github.com/hs-web/hsweb-framework,8403,2016-01-18T03:51:39Z,2026-03-27T01:33:20Z,5.0.x,0
BottomBar,roughike/BottomBar,https://github.com/roughike/BottomBar,8386,2016-03-16T01:31:05Z,2026-03-18T11:07:40Z,master,0
spring-ai,spring-projects/spring-ai,https://github.com/spring-projects/spring-ai,8326,2023-06-27T18:57:29Z,2026-03-27T17:25:43Z,main,0
pentaho-kettle,pentaho/pentaho-kettle,https://github.com/pentaho/pentaho-kettle,8325,2013-10-08T18:27:11Z,2026-03-26T13:55:34Z,master,0
javacv,bytedeco/javacv,https://github.com/bytedeco/javacv,8306,2014-04-21T13:50:26Z,2026-03-27T12:26:33Z,master,0
transmittable-thread-local,alibaba/transmittable-thread-local,https://github.com/alibaba/transmittable-thread-local,8270,2013-10-13T08:48:33Z,2026-03-26T21:39:53Z,master,0
UltimateAndroidReference,aritraroy/UltimateAndroidReference,https://github.com/aritraroy/UltimateAndroidReference,8261,2017-04-10T07:28:27Z,2026-03-26T10:29:12Z,master,0
shardingsphere-elasticjob,apache/shardingsphere-elasticjob,https://github.com/apache/shardingsphere-elasticjob,8222,2015-09-11T11:28:52Z,2026-03-27T05:57:13Z,master,0
LeetCode-Book,krahets/LeetCode-Book,https://github.com/krahets/LeetCode-Book,8195,2021-12-17T14:16:02Z,2026-03-27T16:10:08Z,main,0
atlas,alibaba/atlas,https://github.com/alibaba/atlas,8170,2017-02-28T06:31:43Z,2026-03-24T10:17:02Z,master,0
otter,alibaba/otter,https://github.com/alibaba/otter,8133,2013-08-09T09:31:22Z,2026-03-19T11:30:13Z,master,0
tomcat,apache/tomcat,https://github.com/apache/tomcat,8129,2011-10-01T07:00:19Z,2026-03-27T18:11:06Z,main,0
MaterialViewPager,florent37/MaterialViewPager,https://github.com/florent37/MaterialViewPager,8106,2015-04-24T17:53:15Z,2026-03-20T04:59:26Z,master,0
LitePal,guolindev/LitePal,https://github.com/guolindev/LitePal,8084,2013-02-20T03:20:07Z,2026-03-26T11:55:20Z,master,0
GhidraMCP,LaurieWired/GhidraMCP,https://github.com/LaurieWired/GhidraMCP,8064,2025-03-23T05:36:55Z,2026-03-27T16:03:44Z,main,0
XPopup,junixapp/XPopup,https://github.com/junixapp/XPopup,8024,2018-12-07T06:16:48Z,2026-03-27T11:56:50Z,master,0
subsampling-scale-image-view,davemorrissey/subsampling-scale-image-view,https://github.com/davemorrissey/subsampling-scale-image-view,8010,2013-08-26T16:45:25Z,2026-03-27T11:51:39Z,master,0
graylog2-server,Graylog2/graylog2-server,https://github.com/Graylog2/graylog2-server,7989,2010-05-17T21:27:02Z,2026-03-27T16:40:57Z,master,0
1brc,gunnarmorling/1brc,https://github.com/gunnarmorling/1brc,7986,2023-12-28T09:13:24Z,2026-03-27T14:54:21Z,main,0
SimianArmy,Netflix/SimianArmy,https://github.com/Netflix/SimianArmy,7983,2012-07-06T22:00:05Z,2026-03-27T13:35:39Z,master,0
hugo,JakeWharton/hugo,https://github.com/JakeWharton/hugo,7913,2013-11-25T09:16:40Z,2026-03-25T12:22:10Z,master,0
jimureport,jeecgboot/jimureport,https://github.com/jeecgboot/jimureport,7893,2019-12-05T12:25:59Z,2026-03-27T01:34:03Z,master,0
CompreFace,exadel-inc/CompreFace,https://github.com/exadel-inc/CompreFace,7858,2020-07-06T08:29:43Z,2026-03-27T15:49:06Z,master,0
metrics,dropwizard/metrics,https://github.com/dropwizard/metrics,7851,2010-02-26T19:44:42Z,2026-03-23T01:12:46Z,release/4.2.x,0
HomeMirror,HannahMitt/HomeMirror,https://github.com/HannahMitt/HomeMirror,7831,2015-08-23T03:20:08Z,2026-03-25T16:06:49Z,master,0
hellocharts-android,lecho/hellocharts-android,https://github.com/lecho/hellocharts-android,7795,2014-10-12T09:12:37Z,2026-03-26T03:23:34Z,master,0
material-theme-jetbrains,ChrisRM/material-theme-jetbrains,https://github.com/ChrisRM/material-theme-jetbrains,7766,2015-09-23T07:15:04Z,2026-03-27T01:15:17Z,master,0
AntennaPod,AntennaPod/AntennaPod,https://github.com/AntennaPod/AntennaPod,7759,2012-07-31T10:25:08Z,2026-03-27T16:46:14Z,develop,0
Shadow,Tencent/Shadow,https://github.com/Tencent/Shadow,7744,2019-06-13T10:50:27Z,2026-03-27T05:46:08Z,master,0
PowerJob,PowerJob/PowerJob,https://github.com/PowerJob/PowerJob,7718,2020-03-16T09:19:55Z,2026-03-27T06:59:01Z,master,0
MVVMHabit,goldze/MVVMHabit,https://github.com/goldze/MVVMHabit,7709,2017-07-21T10:38:40Z,2026-03-26T03:15:07Z,master,0
AppManager,MuntashirAkon/AppManager,https://github.com/MuntashirAkon/AppManager,7701,2020-05-30T04:08:56Z,2026-03-27T18:41:27Z,master,0
RxLifecycle,trello-archive/RxLifecycle,https://github.com/trello-archive/RxLifecycle,7670,2015-07-20T13:32:23Z,2026-03-24T15:43:55Z,master,0
vjtools,vipshop/vjtools,https://github.com/vipshop/vjtools,7655,2018-05-29T09:07:08Z,2026-03-26T21:40:19Z,master,0
mapstruct,mapstruct/mapstruct,https://github.com/mapstruct/mapstruct,7632,2012-05-28T12:42:42Z,2026-03-27T17:06:20Z,main,0
TV,FongMi/TV,https://github.com/FongMi/TV,7632,2022-06-22T09:10:23Z,2026-03-27T13:42:39Z,release,0
MyBookshelf,gedoor/MyBookshelf,https://github.com/gedoor/MyBookshelf,7624,2018-06-12T03:48:07Z,2026-03-26T13:57:47Z,master,0
android-classyshark,google/android-classyshark,https://github.com/google/android-classyshark,7598,2015-10-12T13:40:48Z,2026-03-27T01:41:47Z,master,0
MinecraftForge,MinecraftForge/MinecraftForge,https://github.com/MinecraftForge/MinecraftForge,7567,2012-01-30T01:35:01Z,2026-03-27T10:02:57Z,26.1,0
AndroidAsync,koush/AndroidAsync,https://github.com/koush/AndroidAsync,7551,2012-08-24T07:27:04Z,2026-03-27T15:20:53Z,master,0
RxJava-Android-Samples,kaushikgopal/RxJava-Android-Samples,https://github.com/kaushikgopal/RxJava-Android-Samples,7527,2014-07-23T05:13:52Z,2026-03-26T15:23:38Z,master,0
algs4,kevin-wayne/algs4,https://github.com/kevin-wayne/algs4,7523,2015-08-31T09:28:49Z,2026-03-27T01:09:50Z,master,0
swagger-core,swagger-api/swagger-core,https://github.com/swagger-api/swagger-core,7522,2011-07-05T23:44:11Z,2026-03-26T18:52:39Z,master,0
gnirehtet,Genymobile/gnirehtet,https://github.com/Genymobile/gnirehtet,7506,2017-02-09T16:01:13Z,2026-03-27T11:56:08Z,master,0
LeetCode,yuanguangxin/LeetCode,https://github.com/yuanguangxin/LeetCode,7492,2020-01-11T01:02:02Z,2026-03-24T09:37:37Z,master,0
DependencyCheck,dependency-check/DependencyCheck,https://github.com/dependency-check/DependencyCheck,7467,2012-09-03T20:43:30Z,2026-03-27T08:08:45Z,main,0
enso,enso-org/enso,https://github.com/enso-org/enso,7436,2016-12-16T17:23:37Z,2026-03-27T17:32:03Z,develop,0
VBlog,lenve/VBlog,https://github.com/lenve/VBlog,7433,2017-12-26T11:01:55Z,2026-03-26T12:32:23Z,master,0
astron-rpa,iflytek/astron-rpa,https://github.com/iflytek/astron-rpa,7405,2025-09-20T08:51:40Z,2026-03-27T18:57:51Z,main,0
SpringCloud-Learning,dyc87112/SpringCloud-Learning,https://github.com/dyc87112/SpringCloud-Learning,7396,2016-08-21T03:39:52Z,2026-03-27T17:25:59Z,master,0
Mapper,abel533/Mapper,https://github.com/abel533/Mapper,7385,2014-11-21T11:02:10Z,2026-03-26T21:39:56Z,master,0
gocd,gocd/gocd,https://github.com/gocd/gocd,7384,2013-12-13T05:26:16Z,2026-03-27T10:37:09Z,master,0
RePlugin,Qihoo360/RePlugin,https://github.com/Qihoo360/RePlugin,7349,2017-06-08T09:39:09Z,2026-03-24T15:54:54Z,dev,0
ShortcutBadger,leolin310148/ShortcutBadger,https://github.com/leolin310148/ShortcutBadger,7341,2013-11-15T12:51:52Z,2026-03-24T10:16:56Z,master,0
dagger,square/dagger,https://github.com/square/dagger,7310,2012-08-02T23:25:32Z,2026-03-20T07:47:41Z,master,0
Android-Bootstrap,Bearded-Hen/Android-Bootstrap,https://github.com/Bearded-Hen/Android-Bootstrap,7255,2013-11-01T15:36:17Z,2026-03-25T16:07:02Z,master,0
WeChatLuckyMoney,zhongyi-tong/WeChatLuckyMoney,https://github.com/zhongyi-tong/WeChatLuckyMoney,7245,2015-09-30T16:11:20Z,2026-03-20T04:55:52Z,stable,0
xmall,Exrick/xmall,https://github.com/Exrick/xmall,7245,2017-07-28T01:49:49Z,2026-03-25T16:53:36Z,master,0
TakePhoto,crazycodeboy/TakePhoto,https://github.com/crazycodeboy/TakePhoto,7238,2015-08-04T02:05:32Z,2026-03-26T03:22:44Z,master,0
sweet-alert-dialog,pedant/sweet-alert-dialog,https://github.com/pedant/sweet-alert-dialog,7232,2014-10-19T09:24:09Z,2026-03-26T03:19:57Z,master,0
nanohttpd,NanoHttpd/nanohttpd,https://github.com/NanoHttpd/nanohttpd,7213,2012-08-10T21:52:42Z,2026-03-26T11:16:44Z,master,0
UltimateRecyclerView,cymcsg/UltimateRecyclerView,https://github.com/cymcsg/UltimateRecyclerView,7195,2015-01-28T02:27:45Z,2026-03-19T02:22:57Z,master,0
KnowStreaming,didi/KnowStreaming,https://github.com/didi/KnowStreaming,7178,2020-03-19T05:13:51Z,2026-03-25T06:12:53Z,master,0
wiremock,wiremock/wiremock,https://github.com/wiremock/wiremock,7178,2011-10-09T20:27:24Z,2026-03-27T13:17:46Z,master,0
alluxio,Alluxio/alluxio,https://github.com/Alluxio/alluxio,7174,2012-12-21T17:43:46Z,2026-03-27T01:17:22Z,main,0
error-prone,google/error-prone,https://github.com/google/error-prone,7151,2014-08-21T23:26:50Z,2026-03-27T15:50:47Z,master,0
hertzbeat,apache/hertzbeat,https://github.com/apache/hertzbeat,7140,2022-02-04T14:48:56Z,2026-03-27T17:45:37Z,master,0
agera,google/agera,https://github.com/google/agera,7135,2015-12-17T13:22:58Z,2026-03-27T14:52:55Z,master,0
rest-assured,rest-assured/rest-assured,https://github.com/rest-assured/rest-assured,7126,2010-10-21T08:35:43Z,2026-03-25T09:27:16Z,master,0
JavaTutorial,h2pl/JavaTutorial,https://github.com/h2pl/JavaTutorial,7121,2018-05-01T15:57:21Z,2026-03-27T16:32:30Z,master,0
traccar,traccar/traccar,https://github.com/traccar/traccar,7119,2012-04-16T08:33:49Z,2026-03-27T15:04:21Z,master,0
SmartTabLayout,ogaclejapan/SmartTabLayout,https://github.com/ogaclejapan/SmartTabLayout,7084,2015-02-14T11:25:51Z,2026-03-25T16:06:42Z,master,0
ActionBarSherlock,JakeWharton/ActionBarSherlock,https://github.com/JakeWharton/ActionBarSherlock,7072,2011-03-07T17:28:54Z,2026-03-20T05:00:38Z,master,0
Recaf,Col-E/Recaf,https://github.com/Col-E/Recaf,7067,2017-07-27T06:01:10Z,2026-03-27T08:31:52Z,master,0
java-eight-part,CoderLeixiaoshuai/java-eight-part,https://github.com/CoderLeixiaoshuai/java-eight-part,7067,2020-10-16T16:27:04Z,2026-03-27T04:47:49Z,master,0
Timber,naman14/Timber,https://github.com/naman14/Timber,7051,2015-06-12T16:43:55Z,2026-03-20T06:30:03Z,master,0
netty-socketio,mrniko/netty-socketio,https://github.com/mrniko/netty-socketio,7025,2012-01-12T11:43:49Z,2026-03-27T13:49:17Z,master,0
elasticsearch-sql,NLPchina/elasticsearch-sql,https://github.com/NLPchina/elasticsearch-sql,7023,2014-08-24T14:26:31Z,2026-03-26T21:39:55Z,master,0
junit-framework,junit-team/junit-framework,https://github.com/junit-team/junit-framework,6992,2015-01-11T19:06:10Z,2026-03-27T17:30:01Z,main,0
DroidPlugin,DroidPluginTeam/DroidPlugin,https://github.com/DroidPluginTeam/DroidPlugin,6976,2015-08-27T11:14:57Z,2026-03-23T09:35:24Z,master,0
jvm-sandbox,alibaba/jvm-sandbox,https://github.com/alibaba/jvm-sandbox,6959,2017-08-03T02:55:31Z,2026-03-27T09:56:21Z,master,0
logisim-evolution,logisim-evolution/logisim-evolution,https://github.com/logisim-evolution/logisim-evolution,6921,2014-09-19T05:23:24Z,2026-03-27T14:28:33Z,main,0
springcloud-learning,macrozheng/springcloud-learning,https://github.com/macrozheng/springcloud-learning,6917,2019-09-07T02:36:16Z,2026-03-27T16:02:23Z,master,0
BookReader,smuyyh/BookReader,https://github.com/smuyyh/BookReader,6874,2016-08-03T05:17:27Z,2026-03-27T15:11:36Z,master,0
rabbitmq-tutorials,rabbitmq/rabbitmq-tutorials,https://github.com/rabbitmq/rabbitmq-tutorials,6873,2010-09-21T11:41:26Z,2026-03-27T03:05:38Z,main,0
walle,Meituan-Dianping/walle,https://github.com/Meituan-Dianping/walle,6866,2017-01-10T03:39:25Z,2026-03-25T02:31:01Z,master,0
AndroidProject,getActivity/AndroidProject,https://github.com/getActivity/AndroidProject,6864,2018-10-23T10:30:55Z,2026-03-27T06:57:37Z,master,0
okhttputils,hongyangAndroid/okhttputils,https://github.com/hongyangAndroid/okhttputils,6857,2015-08-17T14:53:29Z,2026-03-17T16:11:03Z,master,0
vespa,vespa-engine/vespa,https://github.com/vespa-engine/vespa,6836,2016-06-03T20:54:20Z,2026-03-27T16:22:35Z,master,0
haven,guardianproject/haven,https://github.com/guardianproject/haven,6798,2017-03-01T03:20:03Z,2026-03-26T13:57:17Z,master,0
react-native-push-notification,zo0r/react-native-push-notification,https://github.com/zo0r/react-native-push-notification,6791,2015-12-14T19:53:36Z,2026-03-26T15:57:18Z,master,0
byte-buddy,raphw/byte-buddy,https://github.com/raphw/byte-buddy,6788,2013-11-25T19:38:03Z,2026-03-25T20:51:24Z,master,0
angel,Angel-ML/angel,https://github.com/Angel-ML/angel,6787,2017-04-25T05:57:43Z,2026-03-26T15:56:21Z,master,0
itstack-demo-design,fuzhengwei/itstack-demo-design,https://github.com/fuzhengwei/itstack-demo-design,6781,2020-05-20T13:45:30Z,2026-03-27T15:02:08Z,master,0
springBoot,527515025/springBoot,https://github.com/527515025/springBoot,6773,2016-11-07T02:13:31Z,2026-03-27T09:52:10Z,master,0
AndroidPicker,gzu-liyujiang/AndroidPicker,https://github.com/gzu-liyujiang/AndroidPicker,6773,2015-10-21T14:21:16Z,2026-03-27T09:13:42Z,master,0
Pixiv-Shaft,CeuiLiSA/Pixiv-Shaft,https://github.com/CeuiLiSA/Pixiv-Shaft,6772,2019-04-01T09:59:09Z,2026-03-27T18:15:19Z,classic,0
wvp-GB28181-pro,648540858/wvp-GB28181-pro,https://github.com/648540858/wvp-GB28181-pro,6739,2020-11-14T14:16:37Z,2026-03-27T10:14:51Z,master,0
Leaf,Meituan-Dianping/Leaf,https://github.com/Meituan-Dianping/Leaf,6736,2018-12-11T07:41:35Z,2026-03-26T09:16:47Z,master,0
AndroidPerformanceMonitor,markzhai/AndroidPerformanceMonitor,https://github.com/markzhai/AndroidPerformanceMonitor,6733,2016-01-17T05:23:22Z,2026-03-26T09:16:17Z,master,0
XXPermissions,getActivity/XXPermissions,https://github.com/getActivity/XXPermissions,6708,2018-06-15T14:31:29Z,2026-03-23T01:42:55Z,master,0
quartz,quartz-scheduler/quartz,https://github.com/quartz-scheduler/quartz,6708,2016-03-07T14:05:37Z,2026-03-26T23:17:25Z,main,0
mybatis-generator-gui,zouzg/mybatis-generator-gui,https://github.com/zouzg/mybatis-generator-gui,6707,2016-05-08T22:39:39Z,2026-03-27T11:13:09Z,master,0
AndroidAutoLayout,hongyangAndroid/AndroidAutoLayout,https://github.com/hongyangAndroid/AndroidAutoLayout,6691,2015-11-19T02:09:11Z,2026-03-26T03:21:43Z,master,0
jOOQ,jOOQ/jOOQ,https://github.com/jOOQ/jOOQ,6684,2011-04-17T10:43:33Z,2026-03-27T01:32:24Z,main,0
Suwayomi-Server,Suwayomi/Suwayomi-Server,https://github.com/Suwayomi/Suwayomi-Server,6683,2020-12-23T20:31:38Z,2026-03-27T12:45:58Z,master,0
storm,apache/storm,https://github.com/apache/storm,6676,2013-11-05T08:00:14Z,2026-03-27T18:30:26Z,master,0
AndPermission,yanzhenjie/AndPermission,https://github.com/yanzhenjie/AndPermission,6647,2016-09-11T05:17:34Z,2026-03-26T12:42:06Z,master,0
smali,JesusFreke/smali,https://github.com/JesusFreke/smali,6616,2012-09-23T19:51:16Z,2026-03-27T00:01:24Z,master,0
zeppelin,apache/zeppelin,https://github.com/apache/zeppelin,6607,2015-03-25T07:00:06Z,2026-03-20T23:14:04Z,master,0
hazelcast,hazelcast/hazelcast,https://github.com/hazelcast/hazelcast,6606,2012-03-21T12:25:18Z,2026-03-27T16:24:26Z,master,0
pig,pig-mesh/pig,https://github.com/pig-mesh/pig,6602,2019-08-26T03:24:53Z,2026-03-27T05:02:49Z,master,0
Toasty,GrenderG/Toasty,https://github.com/GrenderG/Toasty,6594,2017-01-18T18:52:41Z,2026-03-24T15:43:45Z,master,0
ansj_seg,NLPchina/ansj_seg,https://github.com/NLPchina/ansj_seg,6545,2012-09-05T05:56:24Z,2026-03-22T08:59:51Z,master,0
Android-skin-support,ximsfei/Android-skin-support,https://github.com/ximsfei/Android-skin-support,6521,2017-01-12T15:03:54Z,2026-03-25T10:47:27Z,master,0
processing,processing/processing,https://github.com/processing/processing,6496,2013-01-24T21:17:22Z,2026-03-27T13:15:59Z,master,0
QR-Code-generator,nayuki/QR-Code-generator,https://github.com/nayuki/QR-Code-generator,6487,2016-04-15T02:19:41Z,2026-03-27T17:46:42Z,master,0
hibernate-orm,hibernate/hibernate-orm,https://github.com/hibernate/hibernate-orm,6464,2010-10-04T16:15:52Z,2026-03-27T14:59:54Z,main,0
Android-Image-Cropper,ArthurHub/Android-Image-Cropper,https://github.com/ArthurHub/Android-Image-Cropper,6431,2015-01-15T10:49:37Z,2026-03-27T13:15:16Z,master,0
so-novel,freeok/so-novel,https://github.com/freeok/so-novel,6431,2022-05-23T15:49:36Z,2026-03-27T17:27:31Z,main,0
Spring-Cloud-Platform,wxiaoqi/Spring-Cloud-Platform,https://github.com/wxiaoqi/Spring-Cloud-Platform,6429,2017-05-25T10:35:26Z,2026-03-26T08:23:04Z,master,0
RoundedImageView,vinc3m1/RoundedImageView,https://github.com/vinc3m1/RoundedImageView,6420,2013-02-22T01:17:37Z,2026-03-19T14:36:33Z,main,0
jetlinks-community,jetlinks/jetlinks-community,https://github.com/jetlinks/jetlinks-community,6419,2020-01-02T07:27:34Z,2026-03-27T03:32:40Z,2.11,0
IJPay,Javen205/IJPay,https://github.com/Javen205/IJPay,6415,2017-05-02T03:15:32Z,2026-03-27T03:59:07Z,dev,0
gephi,gephi/gephi,https://github.com/gephi/gephi,6411,2011-10-22T03:14:46Z,2026-03-26T05:02:37Z,master,0
async-http-client,AsyncHttpClient/async-http-client,https://github.com/AsyncHttpClient/async-http-client,6409,2011-03-07T13:41:46Z,2026-03-26T09:15:18Z,main,0
micronaut-core,micronaut-projects/micronaut-core,https://github.com/micronaut-projects/micronaut-core,6394,2018-03-07T12:05:08Z,2026-03-27T15:24:35Z,5.0.x,0
flink-cdc,apache/flink-cdc,https://github.com/apache/flink-cdc,6385,2020-07-27T19:23:33Z,2026-03-27T09:37:36Z,master,0
remusic,aa112901/remusic,https://github.com/aa112901/remusic,6383,2016-03-24T06:20:39Z,2026-03-26T02:36:35Z,master,0
graphhopper,graphhopper/graphhopper,https://github.com/graphhopper/graphhopper,6381,2012-02-18T19:57:38Z,2026-03-27T15:22:34Z,master,0
jsonschema2pojo,joelittlejohn/jsonschema2pojo,https://github.com/joelittlejohn/jsonschema2pojo,6367,2013-06-22T22:28:53Z,2026-03-27T13:35:33Z,master,0
smile,haifengl/smile,https://github.com/haifengl/smile,6357,2014-11-20T16:28:12Z,2026-03-25T00:11:37Z,master,0
mini-spring,DerekYRC/mini-spring,https://github.com/DerekYRC/mini-spring,6355,2020-11-17T11:59:18Z,2026-03-26T07:10:29Z,main,0
richeditor-android,wasabeef/richeditor-android,https://github.com/wasabeef/richeditor-android,6348,2015-03-30T16:19:20Z,2026-03-25T12:20:13Z,master,0
JFoenix,sshahine/JFoenix,https://github.com/sshahine/JFoenix,6346,2015-09-08T14:04:24Z,2026-03-27T01:21:46Z,master,0
from-java-to-kotlin,amitshekhariitbhu/from-java-to-kotlin,https://github.com/amitshekhariitbhu/from-java-to-kotlin,6337,2017-05-21T11:56:27Z,2026-03-26T01:10:55Z,master,0
iotdb,apache/iotdb,https://github.com/apache/iotdb,6301,2018-11-24T21:29:17Z,2026-03-27T15:47:28Z,master,0
config,lightbend/config,https://github.com/lightbend/config,6296,2011-12-06T08:02:29Z,2026-03-25T14:08:05Z,main,0
ion,koush/ion,https://github.com/koush/ion,6264,2013-05-22T07:41:23Z,2026-03-25T14:20:37Z,master,0
graphql-java,graphql-java/graphql-java,https://github.com/graphql-java/graphql-java,6234,2015-07-06T06:52:20Z,2026-03-26T21:39:59Z,master,0
incubator-kie-drools,apache/incubator-kie-drools,https://github.com/apache/incubator-kie-drools,6232,2011-02-18T08:37:05Z,2026-03-27T15:13:39Z,main,0
spring-cloud-examples,ityouknow/spring-cloud-examples,https://github.com/ityouknow/spring-cloud-examples,6216,2017-04-28T08:48:53Z,2026-03-27T09:52:03Z,master,0
java-jwt,auth0/java-jwt,https://github.com/auth0/java-jwt,6207,2014-03-07T15:06:11Z,2026-03-26T21:24:08Z,master,0
grafika,google/grafika,https://github.com/google/grafika,6160,2013-12-19T18:36:53Z,2026-03-25T14:19:42Z,master,0
camel,apache/camel,https://github.com/apache/camel,6157,2009-05-21T00:25:36Z,2026-03-27T17:23:48Z,main,0
useful-java-links,Vedenin/useful-java-links,https://github.com/Vedenin/useful-java-links,6154,2016-02-13T13:14:52Z,2026-03-27T18:46:48Z,master,0
SoloPi,alipay/SoloPi,https://github.com/alipay/SoloPi,6148,2019-03-14T15:32:49Z,2026-03-27T02:35:14Z,master,0
get_jobs,loks666/get_jobs,https://github.com/loks666/get_jobs,6146,2024-03-07T21:34:58Z,2026-03-27T14:30:44Z,main,0
SpringBootVulExploit,LandGrey/SpringBootVulExploit,https://github.com/LandGrey/SpringBootVulExploit,6127,2020-05-20T09:18:44Z,2026-03-26T08:57:11Z,master,0
vavr,vavr-io/vavr,https://github.com/vavr-io/vavr,6127,2014-01-30T14:07:25Z,2026-03-26T23:16:27Z,main,0
kafdrop,obsidiandynamics/kafdrop,https://github.com/obsidiandynamics/kafdrop,6126,2019-05-27T08:46:56Z,2026-03-27T07:37:41Z,master,0
hudi,apache/hudi,https://github.com/apache/hudi,6125,2016-12-14T15:53:41Z,2026-03-27T14:55:28Z,master,0
SwipeBackLayout,ikew0ng/SwipeBackLayout,https://github.com/ikew0ng/SwipeBackLayout,6104,2013-08-25T03:36:12Z,2026-03-26T03:22:53Z,master,0
MaterialEditText,rengwuxian/MaterialEditText,https://github.com/rengwuxian/MaterialEditText,6099,2014-10-30T10:07:23Z,2026-03-23T17:56:01Z,master,0
google-java-format,google/google-java-format,https://github.com/google/google-java-format,6096,2015-05-11T20:38:28Z,2026-03-27T17:56:33Z,master,0
NumberProgressBar,daimajia/NumberProgressBar,https://github.com/daimajia/NumberProgressBar,6094,2014-05-01T08:54:25Z,2026-03-27T01:05:10Z,master,0
javaparser,javaparser/javaparser,https://github.com/javaparser/javaparser,6065,2011-10-30T14:03:44Z,2026-03-27T08:02:26Z,master,0
pinot,apache/pinot,https://github.com/apache/pinot,6051,2014-05-19T23:27:48Z,2026-03-27T14:26:07Z,master,0
austin,ZhongFuCheng3y/austin,https://github.com/ZhongFuCheng3y/austin,6047,2021-11-06T09:36:01Z,2026-03-27T14:07:24Z,master,0
j2objc,google/j2objc,https://github.com/google/j2objc,6046,2014-01-30T20:19:56Z,2026-03-27T18:04:02Z,master,0
nifi,apache/nifi,https://github.com/apache/nifi,6026,2014-12-12T08:00:05Z,2026-03-27T16:31:17Z,main,0
dynamic-load-apk,singwhatiwanna/dynamic-load-apk,https://github.com/singwhatiwanna/dynamic-load-apk,6026,2014-03-30T11:51:00Z,2026-03-25T16:07:05Z,master,0
hive,apache/hive,https://github.com/apache/hive,6020,2009-05-21T02:31:01Z,2026-03-27T08:39:32Z,master,0
EffectiveAndroidUI,pedrovgs/EffectiveAndroidUI,https://github.com/pedrovgs/EffectiveAndroidUI,6014,2014-07-04T08:42:20Z,2026-03-20T04:57:56Z,master,0
jeepay,jeequan/jeepay,https://github.com/jeequan/jeepay,6002,2017-08-12T02:40:32Z,2026-03-26T14:14:25Z,master,0
robolectric,robolectric/robolectric,https://github.com/robolectric/robolectric,6001,2010-08-28T00:28:25Z,2026-03-26T10:47:08Z,master,0
hippo4j,opengoofy/hippo4j,https://github.com/opengoofy/hippo4j,5994,2021-06-16T02:59:48Z,2026-03-26T07:57:45Z,develop,0
datax-web,WeiYe-Jing/datax-web,https://github.com/WeiYe-Jing/datax-web,5991,2019-11-19T01:09:05Z,2026-03-26T05:22:05Z,master,0
btrace,btraceio/btrace,https://github.com/btraceio/btrace,5987,2014-08-28T18:58:24Z,2026-03-24T07:49:45Z,develop,0
physical-web,google/physical-web,https://github.com/google/physical-web,5980,2014-09-30T18:32:14Z,2026-03-27T11:24:11Z,master,0
shattered-pixel-dungeon,00-Evan/shattered-pixel-dungeon,https://github.com/00-Evan/shattered-pixel-dungeon,5976,2014-07-31T21:56:31Z,2026-03-27T06:39:55Z,master,0
material,rey5137/material,https://github.com/rey5137/material,5967,2014-12-09T12:07:32Z,2026-03-22T22:38:49Z,master,0
xUtils3,wyouflf/xUtils3,https://github.com/wyouflf/xUtils3,5959,2015-10-28T10:56:04Z,2026-03-16T08:31:24Z,master,0
api-samples,youtube/api-samples,https://github.com/youtube/api-samples,5959,2013-12-09T18:41:41Z,2026-03-27T02:38:35Z,master,0
ssm,liyifeng1994/ssm,https://github.com/liyifeng1994/ssm,5939,2016-06-18T17:58:56Z,2026-03-18T05:28:57Z,master,0
springfox,springfox/springfox,https://github.com/springfox/springfox,5938,2012-05-06T06:38:57Z,2026-03-21T19:48:23Z,master,0
JSqlParser,JSQLParser/JSqlParser,https://github.com/JSQLParser/JSqlParser,5937,2011-06-23T22:51:52Z,2026-03-27T06:47:22Z,master,0
zxing-android-embedded,journeyapps/zxing-android-embedded,https://github.com/journeyapps/zxing-android-embedded,5935,2012-11-28T16:36:39Z,2026-03-26T10:03:07Z,master,0
material-calendarview,prolificinteractive/material-calendarview,https://github.com/prolificinteractive/material-calendarview,5929,2015-02-09T22:31:56Z,2026-03-27T01:05:29Z,master,0
androidmvp,antoniolg/androidmvp,https://github.com/antoniolg/androidmvp,5910,2014-04-02T05:42:20Z,2026-03-18T11:51:27Z,master,0
tvapk,Archmage83/tvapk,https://github.com/Archmage83/tvapk,5908,2020-07-29T08:04:37Z,2026-03-27T14:49:39Z,master,0
motan,weibocom/motan,https://github.com/weibocom/motan,5907,2016-04-20T10:56:17Z,2026-03-26T12:42:06Z,master,0
fesod,apache/fesod,https://github.com/apache/fesod,5902,2024-10-05T11:42:50Z,2026-03-27T15:11:16Z,main,0
Fast-Android-Networking,amitshekhariitbhu/Fast-Android-Networking,https://github.com/amitshekhariitbhu/Fast-Android-Networking,5891,2016-03-21T18:35:44Z,2026-03-26T07:07:30Z,master,0
blade,lets-blade/blade,https://github.com/lets-blade/blade,5883,2015-06-10T03:35:49Z,2026-03-27T10:53:37Z,v2.1.3,0
DiskLruCache,JakeWharton/DiskLruCache,https://github.com/JakeWharton/DiskLruCache,5865,2012-01-05T00:36:34Z,2026-03-26T03:21:38Z,master,0
MifareClassicTool,ikarus23/MifareClassicTool,https://github.com/ikarus23/MifareClassicTool,5861,2013-02-12T15:39:03Z,2026-03-27T08:11:45Z,master,0
PeerBanHelper,PBH-BTN/PeerBanHelper,https://github.com/PBH-BTN/PeerBanHelper,5858,2024-02-07T14:35:16Z,2026-03-27T08:33:54Z,dev,0
lanproxy,ffay/lanproxy,https://github.com/ffay/lanproxy,5857,2016-11-20T08:12:10Z,2026-03-27T08:09:53Z,master,0
linuxdeploy,meefik/linuxdeploy,https://github.com/meefik/linuxdeploy,5797,2012-08-21T04:49:14Z,2026-03-27T11:08:37Z,master,0
BoomMenu,Nightonke/BoomMenu,https://github.com/Nightonke/BoomMenu,5791,2016-03-19T12:04:12Z,2026-03-26T11:54:23Z,master,0
DiscreteScrollView,yarolegovich/DiscreteScrollView,https://github.com/yarolegovich/DiscreteScrollView,5786,2017-03-03T23:38:54Z,2026-03-25T16:07:24Z,master,0
tcc-transaction,changmingxie/tcc-transaction,https://github.com/changmingxie/tcc-transaction,5776,2015-12-05T04:27:53Z,2026-03-21T19:47:24Z,master-2.x,0
Discovery,Nepxion/Discovery,https://github.com/Nepxion/Discovery,5773,2018-06-21T16:16:49Z,2026-03-27T02:00:01Z,6.x.x,0
circular-progress-button,dmytrodanylyk/circular-progress-button,https://github.com/dmytrodanylyk/circular-progress-button,5757,2014-06-07T12:58:48Z,2026-03-23T17:56:00Z,master,0
sensitive-word,houbb/sensitive-word,https://github.com/houbb/sensitive-word,5752,2020-01-07T03:10:44Z,2026-03-27T06:36:18Z,master,0
strimzi-kafka-operator,strimzi/strimzi-kafka-operator,https://github.com/strimzi/strimzi-kafka-operator,5752,2016-05-06T08:52:33Z,2026-03-27T18:20:48Z,main,0
janusgraph,JanusGraph/janusgraph,https://github.com/JanusGraph/janusgraph,5748,2016-12-26T13:26:29Z,2026-03-27T03:01:25Z,master,0
FastHub,k0shk0sh/FastHub,https://github.com/k0shk0sh/FastHub,5737,2017-02-18T17:53:16Z,2026-03-27T11:57:22Z,development,0
lamp-cloud,dromara/lamp-cloud,https://github.com/dromara/lamp-cloud,5733,2018-01-17T02:51:04Z,2026-03-27T11:15:29Z,java17/5.x,0
MusicBot,jagrosh/MusicBot,https://github.com/jagrosh/MusicBot,5729,2016-08-14T18:46:29Z,2026-03-27T00:45:26Z,master,0
lettuce,redis/lettuce,https://github.com/redis/lettuce,5728,2014-05-10T13:08:46Z,2026-03-27T02:09:40Z,main,0
spring-boot-projects,ZHENFENG13/spring-boot-projects,https://github.com/ZHENFENG13/spring-boot-projects,5723,2017-04-01T01:50:14Z,2026-03-27T11:30:50Z,main,0
SwipeRecyclerView,yanzhenjie/SwipeRecyclerView,https://github.com/yanzhenjie/SwipeRecyclerView,5718,2016-08-03T15:43:34Z,2026-03-26T03:21:00Z,master,0
library,ddd-by-examples/library,https://github.com/ddd-by-examples/library,5714,2019-01-11T09:14:03Z,2026-03-27T18:53:20Z,master,0
aurora-imui,jpush/aurora-imui,https://github.com/jpush/aurora-imui,5708,2016-12-13T05:24:01Z,2026-03-26T21:40:08Z,master,0
InfiniteCycleViewPager,Devlight/InfiniteCycleViewPager,https://github.com/Devlight/InfiniteCycleViewPager,5703,2016-08-22T08:04:39Z,2026-03-26T03:23:15Z,master,0
novel,201206030/novel,https://github.com/201206030/novel,5675,2019-11-11T01:13:52Z,2026-03-27T07:15:31Z,master,0
springside4,springside/springside4,https://github.com/springside/springside4,5666,2012-02-23T08:39:03Z,2026-03-21T19:49:18Z,master,0
react-native-splash-screen,crazycodeboy/react-native-splash-screen,https://github.com/crazycodeboy/react-native-splash-screen,5666,2016-09-14T10:43:55Z,2026-03-27T09:25:54Z,master,0
EdXposed,ElderDrivers/EdXposed,https://github.com/ElderDrivers/EdXposed,5664,2019-01-18T16:18:19Z,2026-03-26T15:10:52Z,master,0
u2020,JakeWharton/u2020,https://github.com/JakeWharton/u2020,5662,2013-11-14T11:58:23Z,2026-03-25T09:24:59Z,master,0
Blurry,wasabeef/Blurry,https://github.com/wasabeef/Blurry,5660,2015-07-23T14:12:08Z,2026-03-25T16:06:48Z,main,0
HTextView,hanks-zyh/HTextView,https://github.com/hanks-zyh/HTextView,5657,2015-12-19T16:34:59Z,2026-03-19T03:09:17Z,master,0
typespec,microsoft/typespec,https://github.com/microsoft/typespec,5649,2021-06-30T23:29:49Z,2026-03-27T18:57:03Z,main,0
AndroidImageSlider,daimajia/AndroidImageSlider,https://github.com/daimajia/AndroidImageSlider,5620,2014-06-02T06:04:17Z,2026-03-16T19:22:59Z,master,0
OsmAnd,osmandapp/OsmAnd,https://github.com/osmandapp/OsmAnd,5608,2011-01-15T19:59:44Z,2026-03-27T17:28:13Z,master,0
Android-ZBLibrary,TommyLemon/Android-ZBLibrary,https://github.com/TommyLemon/Android-ZBLibrary,5607,2015-08-20T16:03:53Z,2026-03-26T02:38:23Z,master,0
FlowLayout,hongyangAndroid/FlowLayout,https://github.com/hongyangAndroid/FlowLayout,5587,2015-08-28T09:32:31Z,2026-03-15T20:21:58Z,master,0
hbase,apache/hbase,https://github.com/apache/hbase,5581,2014-05-23T07:00:07Z,2026-03-27T18:56:17Z,master,0
uid-generator,baidu/uid-generator,https://github.com/baidu/uid-generator,5581,2017-03-27T04:03:43Z,2026-03-25T03:07:04Z,master,0
jetcache,alibaba/jetcache,https://github.com/alibaba/jetcache,5573,2017-04-12T07:48:23Z,2026-03-27T12:16:15Z,master,0
Digital,hneemann/Digital,https://github.com/hneemann/Digital,5567,2016-06-28T17:40:16Z,2026-03-27T15:15:17Z,master,0
usb-serial-for-android,mik3y/usb-serial-for-android,https://github.com/mik3y/usb-serial-for-android,5564,2013-06-30T23:17:45Z,2026-03-27T08:42:43Z,master,0
ShowcaseView,amlcurran/ShowcaseView,https://github.com/amlcurran/ShowcaseView,5562,2012-08-14T19:07:36Z,2026-03-25T16:06:55Z,master,0
QLExpress,alibaba/QLExpress,https://github.com/alibaba/QLExpress,5552,2017-03-15T08:39:54Z,2026-03-26T21:40:09Z,main,0
AutoJs6,SuperMonster003/AutoJs6,https://github.com/SuperMonster003/AutoJs6,5551,2021-12-01T05:27:22Z,2026-03-27T18:57:20Z,master,0
ListViewAnimations,nhaarman/ListViewAnimations,https://github.com/nhaarman/ListViewAnimations,5539,2013-03-19T11:59:23Z,2026-03-17T07:11:58Z,master,0
disconf,knightliao/disconf,https://github.com/knightliao/disconf,5533,2014-05-30T09:39:27Z,2026-03-26T21:39:54Z,master,0
AndroidVideoCache,danikula/AndroidVideoCache,https://github.com/danikula/AndroidVideoCache,5516,2015-04-01T11:25:52Z,2026-03-26T13:18:48Z,master,0
MagicCamera,wuhaoyu1990/MagicCamera,https://github.com/wuhaoyu1990/MagicCamera,5515,2016-01-08T11:36:56Z,2026-03-25T16:06:56Z,master,0
sodium,CaffeineMC/sodium,https://github.com/CaffeineMC/sodium,5513,2020-02-01T03:04:09Z,2026-03-27T16:55:54Z,dev,0
QAuxiliary,cinit/QAuxiliary,https://github.com/cinit/QAuxiliary,5506,2022-01-29T06:12:36Z,2026-03-27T16:15:43Z,main,0
jpexs-decompiler,jindrapetrik/jpexs-decompiler,https://github.com/jindrapetrik/jpexs-decompiler,5490,2014-05-10T17:20:56Z,2026-03-27T03:34:12Z,master,0
Geyser,GeyserMC/Geyser,https://github.com/GeyserMC/Geyser,5486,2019-07-08T17:23:17Z,2026-03-27T11:40:33Z,master,0
StickyListHeaders,emilsjolander/StickyListHeaders,https://github.com/emilsjolander/StickyListHeaders,5482,2012-03-11T18:29:18Z,2026-03-23T00:36:15Z,master,0
FastBle,Jasonchenlijian/FastBle,https://github.com/Jasonchenlijian/FastBle,5476,2016-08-23T02:06:33Z,2026-03-26T02:39:23Z,master,0
wechat,motianhuo/wechat,https://github.com/motianhuo/wechat,5469,2015-05-25T02:33:37Z,2026-03-24T15:13:40Z,master,0
scribejava,scribejava/scribejava,https://github.com/scribejava/scribejava,5469,2010-09-05T19:11:40Z,2026-03-26T21:39:47Z,master,0
freeline,alibaba/freeline,https://github.com/alibaba/freeline,5464,2016-08-03T17:22:52Z,2026-03-10T06:07:07Z,master,0
liquibase,liquibase/liquibase,https://github.com/liquibase/liquibase,5463,2011-07-08T20:08:20Z,2026-03-27T10:34:58Z,master,0
TapTargetView,KeepSafe/TapTargetView,https://github.com/KeepSafe/TapTargetView,5462,2016-09-11T09:07:36Z,2026-03-19T08:26:32Z,master,0
mosby,sockeqwe/mosby,https://github.com/sockeqwe/mosby,5460,2015-03-25T00:59:19Z,2026-03-25T14:26:29Z,master,0
barcodescanner,dm77/barcodescanner,https://github.com/dm77/barcodescanner,5444,2014-02-24T21:14:09Z,2026-03-24T15:54:47Z,master,0
Telegram-X,TGX-Android/Telegram-X,https://github.com/TGX-Android/Telegram-X,5440,2021-08-17T17:09:25Z,2026-03-27T18:35:49Z,main,0
groovy,apache/groovy,https://github.com/apache/groovy,5438,2015-04-16T07:00:05Z,2026-03-27T17:56:10Z,master,0
TelegramBots,rubenlagus/TelegramBots,https://github.com/rubenlagus/TelegramBots,5427,2016-01-14T00:13:07Z,2026-03-27T13:05:53Z,master,0
spring-data-examples,spring-projects/spring-data-examples,https://github.com/spring-projects/spring-data-examples,5416,2014-01-30T15:42:43Z,2026-03-27T08:26:41Z,main,0
socket.io-client-java,socketio/socket.io-client-java,https://github.com/socketio/socket.io-client-java,5414,2013-04-28T17:04:05Z,2026-03-27T06:47:37Z,main,0
rebound,facebookarchive/rebound,https://github.com/facebookarchive/rebound,5405,2013-10-11T01:12:37Z,2026-03-20T05:00:26Z,master,0
megabasterd,tonikelope/megabasterd,https://github.com/tonikelope/megabasterd,5405,2016-09-29T16:54:54Z,2026-03-27T00:35:04Z,master,0
thumbnailator,coobird/thumbnailator,https://github.com/coobird/thumbnailator,5399,2015-07-25T05:38:33Z,2026-03-27T09:11:39Z,master,0
dubbo-spring-boot-project,apache/dubbo-spring-boot-project,https://github.com/apache/dubbo-spring-boot-project,5396,2018-01-18T12:10:50Z,2026-03-27T10:12:44Z,master,0
killbill,killbill/killbill,https://github.com/killbill/killbill,5394,2012-10-21T20:55:05Z,2026-03-27T15:58:24Z,master,0
web3j,LFDT-web3j/web3j,https://github.com/LFDT-web3j/web3j,5384,2016-09-04T05:48:49Z,2026-03-26T17:50:23Z,main,0
spotless,diffplug/spotless,https://github.com/diffplug/spotless,5379,2015-04-27T19:10:58Z,2026-03-27T01:07:51Z,main,0
shimmer-android,facebookarchive/shimmer-android,https://github.com/facebookarchive/shimmer-android,5364,2015-02-27T22:25:22Z,2026-03-25T16:06:42Z,main,0
android-job,Evernote/android-job,https://github.com/Evernote/android-job,5362,2015-08-20T19:36:54Z,2026-03-26T13:25:49Z,master,0
pmd,pmd/pmd,https://github.com/pmd/pmd,5359,2012-07-11T18:03:00Z,2026-03-27T11:32:08Z,main,0
android-advancedrecyclerview,h6ah4i/android-advancedrecyclerview,https://github.com/h6ah4i/android-advancedrecyclerview,5339,2015-01-24T16:14:39Z,2026-03-16T16:01:54Z,develop,0
cw-omnibus,commonsguy/cw-omnibus,https://github.com/commonsguy/cw-omnibus,5337,2012-03-12T14:12:06Z,2026-03-21T18:42:06Z,master,0
picocli,remkop/picocli,https://github.com/remkop/picocli,5335,2017-02-01T16:38:41Z,2026-03-26T21:40:08Z,main,0
SystemBarTint,jgilfelt/SystemBarTint,https://github.com/jgilfelt/SystemBarTint,5334,2013-11-17T12:35:05Z,2026-03-26T03:20:56Z,master,0
runelite,runelite/runelite,https://github.com/runelite/runelite,5332,2016-04-30T20:48:02Z,2026-03-27T13:29:31Z,master,0
markor,gsantner/markor,https://github.com/gsantner/markor,5329,2017-08-26T00:08:35Z,2026-03-27T18:19:09Z,master,0
google-authenticator,google/google-authenticator,https://github.com/google/google-authenticator,5322,2014-10-08T17:54:27Z,2026-03-25T13:56:57Z,master,0
XRecyclerView,XRecyclerView/XRecyclerView,https://github.com/XRecyclerView/XRecyclerView,5322,2015-11-18T08:14:22Z,2026-03-18T12:26:39Z,master,0
allure2,allure-framework/allure2,https://github.com/allure-framework/allure2,5321,2016-05-27T14:06:05Z,2026-03-27T06:14:45Z,main,0
db-tutorial,dunwu/db-tutorial,https://github.com/dunwu/db-tutorial,5319,2017-08-08T06:33:38Z,2026-03-27T12:22:09Z,master,0
generator,mybatis/generator,https://github.com/mybatis/generator,5317,2013-02-10T11:14:50Z,2026-03-27T07:50:04Z,master,0
DKVideoPlayer,Doikki/DKVideoPlayer,https://github.com/Doikki/DKVideoPlayer,5308,2017-04-11T01:33:38Z,2026-03-25T02:21:29Z,master,0
lwjgl3,LWJGL/lwjgl3,https://github.com/LWJGL/lwjgl3,5304,2012-12-23T15:40:04Z,2026-03-27T06:13:21Z,master,0
Android-Touch-Helper,zfdang/Android-Touch-Helper,https://github.com/zfdang/Android-Touch-Helper,5289,2020-10-16T00:58:41Z,2026-03-27T13:23:19Z,master,0
JustTrustMe,Fuzion24/JustTrustMe,https://github.com/Fuzion24/JustTrustMe,5289,2014-07-24T23:45:05Z,2026-03-26T18:56:40Z,master,0
gradle-retrolambda,evant/gradle-retrolambda,https://github.com/evant/gradle-retrolambda,5283,2013-08-05T02:09:58Z,2026-03-20T04:58:12Z,main,0
Infinity-For-Reddit,Docile-Alligator/Infinity-For-Reddit,https://github.com/Docile-Alligator/Infinity-For-Reddit,5271,2018-07-26T15:02:51Z,2026-03-27T16:29:03Z,master,0
VitamioBundle,yixia/VitamioBundle,https://github.com/yixia/VitamioBundle,5269,2012-10-19T08:40:49Z,2026-03-24T10:16:54Z,master,0
android-lifecycle,xxv/android-lifecycle,https://github.com/xxv/android-lifecycle,5266,2014-04-18T14:26:22Z,2026-03-25T03:56:24Z,main,0
dddsample-core,citerus/dddsample-core,https://github.com/citerus/dddsample-core,5264,2015-01-31T23:21:37Z,2026-03-26T16:27:11Z,master,0
springboot-guide,CodingDocs/springboot-guide,https://github.com/CodingDocs/springboot-guide,5263,2018-11-28T01:05:07Z,2026-03-25T16:52:49Z,master,0
okdownload,lingochamp/okdownload,https://github.com/lingochamp/okdownload,5258,2017-12-17T08:21:22Z,2026-03-26T03:19:44Z,master,0
BasePopup,razerdp/BasePopup,https://github.com/razerdp/BasePopup,5257,2016-01-15T03:31:07Z,2026-03-18T11:05:55Z,master,0
titan,thinkaurelius/titan,https://github.com/thinkaurelius/titan,5237,2012-02-25T22:53:53Z,2026-03-25T16:41:07Z,titan10,0
easy-rules,j-easy/easy-rules,https://github.com/j-easy/easy-rules,5236,2013-03-10T14:38:26Z,2026-03-26T18:56:23Z,master,0
Side-Menu.Android,Yalantis/Side-Menu.Android,https://github.com/Yalantis/Side-Menu.Android,5234,2015-01-13T11:11:27Z,2026-03-16T16:00:53Z,master,0
midjourney-proxy,novicezk/midjourney-proxy,https://github.com/novicezk/midjourney-proxy,5232,2023-04-24T13:43:45Z,2026-03-27T18:50:54Z,main,0
smartTable,huangyanbin/smartTable,https://github.com/huangyanbin/smartTable,5231,2017-11-08T01:11:14Z,2026-03-24T09:46:48Z,master,0
Android-IMSI-Catcher-Detector,CellularPrivacy/Android-IMSI-Catcher-Detector,https://github.com/CellularPrivacy/Android-IMSI-Catcher-Detector,5223,2013-11-23T10:04:14Z,2026-03-26T10:18:16Z,development,0
twoway-view,lucasr/twoway-view,https://github.com/lucasr/twoway-view,5218,2013-01-18T20:55:23Z,2026-03-13T19:03:12Z,master,0
reactor-core,reactor/reactor-core,https://github.com/reactor/reactor-core,5213,2015-11-10T10:06:40Z,2026-03-27T15:05:55Z,main,0
bitcoinj,bitcoinj/bitcoinj,https://github.com/bitcoinj/bitcoinj,5212,2013-11-19T04:33:23Z,2026-03-26T15:13:14Z,master,0
Dexter,Karumi/Dexter,https://github.com/Karumi/Dexter,5208,2015-11-17T13:14:43Z,2026-03-26T18:26:42Z,master,0
oshi,oshi/oshi,https://github.com/oshi/oshi,5197,2012-02-10T12:46:48Z,2026-03-27T08:08:23Z,master,0
YCSB,brianfrankcooper/YCSB,https://github.com/brianfrankcooper/YCSB,5196,2010-04-19T20:52:11Z,2026-03-27T06:11:44Z,master,0
JS-Sorting-Algorithm,hustcc/JS-Sorting-Algorithm,https://github.com/hustcc/JS-Sorting-Algorithm,5194,2017-01-19T11:36:21Z,2026-03-24T07:26:09Z,master,0
shopping-management-system,zhanglei-workspace/shopping-management-system,https://github.com/zhanglei-workspace/shopping-management-system,5191,2015-11-16T12:53:21Z,2026-03-27T16:41:40Z,master,0
FloatingActionButton,Clans/FloatingActionButton,https://github.com/Clans/FloatingActionButton,5188,2015-03-21T12:36:16Z,2026-03-27T12:07:39Z,master,0
xpay,Exrick/xpay,https://github.com/Exrick/xpay,5182,2017-12-12T16:11:19Z,2026-03-27T08:59:19Z,master,0
views-widgets-samples,android/views-widgets-samples,https://github.com/android/views-widgets-samples,5181,2019-09-06T21:39:12Z,2026-03-24T09:06:07Z,main,0
aviatorscript,killme2008/aviatorscript,https://github.com/killme2008/aviatorscript,5177,2011-03-29T12:48:47Z,2026-03-26T21:39:48Z,master,0
dynamic-datasource,baomidou/dynamic-datasource,https://github.com/baomidou/dynamic-datasource,5155,2018-04-28T02:32:16Z,2026-03-27T09:29:50Z,master,0
ctci,careercup/ctci,https://github.com/careercup/ctci,5145,2013-03-21T23:01:01Z,2026-03-25T09:53:22Z,master,0
otto,square/otto,https://github.com/square/otto,5135,2012-06-27T19:06:49Z,2026-03-20T04:59:44Z,master,0
CameraView,natario1/CameraView,https://github.com/natario1/CameraView,5127,2017-07-18T09:30:33Z,2026-03-25T04:05:44Z,main,0
Luyten,deathmarine/Luyten,https://github.com/deathmarine/Luyten,5117,2013-07-11T10:57:28Z,2026-03-26T22:24:51Z,master,0
wgcloud,tianshiyeben/wgcloud,https://github.com/tianshiyeben/wgcloud,5115,2019-01-15T02:02:21Z,2026-03-27T05:37:19Z,master,0
calcite,apache/calcite,https://github.com/apache/calcite,5104,2014-06-25T07:00:07Z,2026-03-27T12:39:57Z,main,0
DesignPattern,youlookwhat/DesignPattern,https://github.com/youlookwhat/DesignPattern,5100,2016-10-21T10:59:32Z,2026-03-26T02:27:42Z,master,0
armeria,line/armeria,https://github.com/line/armeria,5085,2015-11-16T04:04:01Z,2026-03-26T23:41:16Z,main,0
spring-authorization-server,spring-projects/spring-authorization-server,https://github.com/spring-projects/spring-authorization-server,5083,2020-03-17T17:28:57Z,2026-03-25T11:42:23Z,main,0
sofa-boot,sofastack/sofa-boot,https://github.com/sofastack/sofa-boot,5078,2018-04-02T08:28:14Z,2026-03-26T06:25:20Z,master,0
XUI,xuexiangjys/XUI,https://github.com/xuexiangjys/XUI,5073,2019-01-07T07:59:02Z,2026-03-26T21:40:25Z,master,0
bisq,bisq-network/bisq,https://github.com/bisq-network/bisq,5070,2014-03-12T09:42:29Z,2026-03-27T18:47:11Z,master,0
opentsdb,OpenTSDB/opentsdb,https://github.com/OpenTSDB/opentsdb,5064,2010-08-27T02:05:20Z,2026-03-20T04:29:10Z,master,0
ignite,apache/ignite,https://github.com/apache/ignite,5059,2015-02-19T08:00:05Z,2026-03-27T14:13:45Z,master,0
poi-tl,Sayi/poi-tl,https://github.com/Sayi/poi-tl,5053,2015-03-20T06:47:52Z,2026-03-27T06:16:24Z,master,0
Small,wequick/Small,https://github.com/wequick/Small,5042,2015-11-27T11:37:20Z,2026-03-23T08:58:04Z,master,0
gpmall,2227324689/gpmall,https://github.com/2227324689/gpmall,5040,2019-07-18T14:09:22Z,2026-03-27T11:34:58Z,master,0
mapdb,jankotek/mapdb,https://github.com/jankotek/mapdb,5036,2012-08-17T15:28:54Z,2026-03-27T01:43:53Z,master,0
spring-boot-best-practice,javastacks/spring-boot-best-practice,https://github.com/javastacks/spring-boot-best-practice,5036,2018-11-09T06:23:18Z,2026-03-27T01:30:59Z,master,0
Chronos,Kodezi/Chronos,https://github.com/Kodezi/Chronos,5035,2025-07-21T07:34:10Z,2026-03-27T18:49:28Z,main,0
android-common,Trinea/android-common,https://github.com/Trinea/android-common,5023,2012-06-19T07:49:46Z,2026-03-25T17:15:17Z,master,0
android-zxingLibrary,yipianfengye/android-zxingLibrary,https://github.com/yipianfengye/android-zxingLibrary,5018,2016-07-26T08:00:18Z,2026-03-18T09:02:56Z,master,0
CloudReader,youlookwhat/CloudReader,https://github.com/youlookwhat/CloudReader,5008,2016-11-20T11:59:25Z,2026-03-25T14:14:20Z,master,0
maven,apache/maven,https://github.com/apache/maven,5002,2009-05-21T03:22:03Z,2026-03-27T18:41:36Z,master,0
GravitySnapHelper,rubensousa/GravitySnapHelper,https://github.com/rubensousa/GravitySnapHelper,5000,2016-08-31T07:25:23Z,2026-03-26T03:16:17Z,master,0
ruoyi-ai,ageerle/ruoyi-ai,https://github.com/ageerle/ruoyi-ai,4995,2024-01-16T04:16:41Z,2026-03-27T13:51:09Z,main,0
joda-time,JodaOrg/joda-time,https://github.com/JodaOrg/joda-time,4989,2011-05-16T16:49:57Z,2026-03-24T17:11:34Z,main,0
LayoutManagerGroup,DingMouRen/LayoutManagerGroup,https://github.com/DingMouRen/LayoutManagerGroup,4988,2018-04-28T11:47:38Z,2026-03-23T13:41:15Z,master,0
spring-mvc-showcase,spring-attic/spring-mvc-showcase,https://github.com/spring-attic/spring-mvc-showcase,4985,2011-06-03T15:36:55Z,2026-03-26T14:44:41Z,master,0
rstudio,rstudio/rstudio,https://github.com/rstudio/rstudio,4976,2010-12-07T19:10:25Z,2026-03-27T17:45:58Z,main,0
dialogplus,orhanobut/dialogplus,https://github.com/orhanobut/dialogplus,4975,2014-12-12T09:24:44Z,2026-03-18T08:08:08Z,master,0
UltraViewPager,alibaba/UltraViewPager,https://github.com/alibaba/UltraViewPager,4966,2017-03-29T13:31:53Z,2026-03-25T05:37:04Z,master,0
spring-cloud-netflix,spring-cloud/spring-cloud-netflix,https://github.com/spring-cloud/spring-cloud-netflix,4963,2014-07-11T15:46:12Z,2026-03-27T17:04:18Z,main,0
roncoo-pay,roncoo/roncoo-pay,https://github.com/roncoo/roncoo-pay,4963,2016-07-21T02:46:06Z,2026-03-26T08:11:21Z,master,0
querydsl,querydsl/querydsl,https://github.com/querydsl/querydsl,4960,2011-08-05T06:46:32Z,2026-03-23T11:12:15Z,master,0
InstaMaterial,frogermcs/InstaMaterial,https://github.com/frogermcs/InstaMaterial,4954,2014-11-10T18:56:49Z,2026-03-26T12:59:25Z,master,0
react-native-config,react-native-config/react-native-config,https://github.com/react-native-config/react-native-config,4954,2016-02-23T00:19:11Z,2026-03-26T00:41:52Z,master,0
react-native-webrtc,react-native-webrtc/react-native-webrtc,https://github.com/react-native-webrtc/react-native-webrtc,4950,2015-09-27T10:57:30Z,2026-03-26T21:37:22Z,master,0
orientdb,orientechnologies/orientdb,https://github.com/orientechnologies/orientdb,4943,2012-12-09T20:33:47Z,2026-03-27T10:04:14Z,develop,0
NavigationTabBar,Devlight/NavigationTabBar,https://github.com/Devlight/NavigationTabBar,4935,2016-03-29T08:59:27Z,2026-03-23T17:56:07Z,master,0
HeliBoard,HeliBorg/HeliBoard,https://github.com/HeliBorg/HeliBoard,4933,2022-03-09T08:38:32Z,2026-03-27T18:21:35Z,main,0
java-faker,DiUS/java-faker,https://github.com/DiUS/java-faker,4926,2011-06-06T01:01:21Z,2026-03-27T12:36:38Z,master,0
RxJava2-Android-Samples,amitshekhariitbhu/RxJava2-Android-Samples,https://github.com/amitshekhariitbhu/RxJava2-Android-Samples,4926,2016-08-27T08:21:37Z,2026-03-26T15:23:39Z,master,0
RippleEffect,traex/RippleEffect,https://github.com/traex/RippleEffect,4904,2014-10-14T13:32:51Z,2026-03-25T16:07:12Z,master,0
small-spring,fuzhengwei/small-spring,https://github.com/fuzhengwei/small-spring,4900,2021-05-15T06:07:28Z,2026-03-27T01:16:38Z,main,0
ipscan,angryip/ipscan,https://github.com/angryip/ipscan,4897,2011-06-28T20:58:48Z,2026-03-27T15:45:10Z,master,0
cglib,cglib/cglib,https://github.com/cglib/cglib,4895,2014-03-29T13:48:30Z,2026-03-19T11:50:42Z,master,0
folding-cell-android,Ramotion/folding-cell-android,https://github.com/Ramotion/folding-cell-android,4894,2016-04-01T11:38:47Z,2026-03-21T17:13:29Z,master,0
Awesome-POC,Threekiii/Awesome-POC,https://github.com/Threekiii/Awesome-POC,4886,2022-02-20T06:43:22Z,2026-03-27T03:35:17Z,master,0
reactive-streams-jvm,reactive-streams/reactive-streams-jvm,https://github.com/reactive-streams/reactive-streams-jvm,4872,2014-02-28T13:16:15Z,2026-03-26T10:50:12Z,master,0
unidbg,zhkl0228/unidbg,https://github.com/zhkl0228/unidbg,4869,2019-02-26T09:32:15Z,2026-03-27T14:16:13Z,master,0
mockserver,mock-server/mockserver,https://github.com/mock-server/mockserver,4860,2013-02-26T06:09:52Z,2026-03-26T08:21:37Z,master,0
spring-cloud-gateway,spring-cloud/spring-cloud-gateway,https://github.com/spring-cloud/spring-cloud-gateway,4842,2016-11-16T21:42:51Z,2026-03-27T13:11:54Z,main,0
micrometer,micrometer-metrics/micrometer,https://github.com/micrometer-metrics/micrometer,4833,2017-04-10T21:36:51Z,2026-03-26T21:29:44Z,main,0
packer-ng-plugin,mcxiaoke/packer-ng-plugin,https://github.com/mcxiaoke/packer-ng-plugin,4814,2015-11-24T04:08:08Z,2026-03-24T15:09:32Z,master,0
Transitions-Everywhere,andkulikov/Transitions-Everywhere,https://github.com/andkulikov/Transitions-Everywhere,4798,2014-10-15T03:37:03Z,2026-03-13T18:46:38Z,master,0
djl,deepjavalibrary/djl,https://github.com/deepjavalibrary/djl,4794,2019-10-29T22:38:54Z,2026-03-26T08:33:29Z,master,0
lucida,claritylab/lucida,https://github.com/claritylab/lucida,4790,2014-05-13T17:12:49Z,2026-03-25T12:01:03Z,master,0
opengrok,oracle/opengrok,https://github.com/oracle/opengrok,4785,2013-01-07T11:49:18Z,2026-03-26T05:23:18Z,master,0
mybatis,tuguangquan/mybatis,https://github.com/tuguangquan/mybatis,4776,2014-11-03T04:51:06Z,2026-03-26T02:47:34Z,master,0
reflections,ronmamo/reflections,https://github.com/ronmamo/reflections,4774,2013-04-16T16:19:26Z,2026-03-25T22:09:33Z,master,0
AndroidStaggeredGrid,etsy/AndroidStaggeredGrid,https://github.com/etsy/AndroidStaggeredGrid,4771,2013-12-09T19:43:45Z,2026-03-19T14:37:11Z,master,0
supersonic,tencentmusic/supersonic,https://github.com/tencentmusic/supersonic,4767,2023-06-12T07:23:28Z,2026-03-27T03:38:47Z,master,0
openai-java,TheoKanning/openai-java,https://github.com/TheoKanning/openai-java,4764,2020-09-15T02:58:52Z,2026-03-27T15:54:24Z,main,0
blog_demos,zq2599/blog_demos,https://github.com/zq2599/blog_demos,4758,2017-04-09T04:51:56Z,2026-03-27T03:06:38Z,master,0
Android-ConvenientBanner,saiwu-bigkoo/Android-ConvenientBanner,https://github.com/saiwu-bigkoo/Android-ConvenientBanner,4757,2014-12-23T06:12:33Z,2026-03-26T03:21:16Z,master,0
dynamic-tp,dromara/dynamic-tp,https://github.com/dromara/dynamic-tp,4754,2022-01-07T16:35:27Z,2026-03-27T04:14:16Z,master,0
android-tips-tricks,nisrulz/android-tips-tricks,https://github.com/nisrulz/android-tips-tricks,4752,2016-08-25T20:27:33Z,2026-03-26T01:10:44Z,master,0
microservices-platform,zlt2000/microservices-platform,https://github.com/zlt2000/microservices-platform,4749,2019-03-07T07:13:37Z,2026-03-26T13:41:00Z,master,0
SwitchButton,kyleduo/SwitchButton,https://github.com/kyleduo/SwitchButton,4747,2014-09-09T07:20:43Z,2026-03-27T01:29:49Z,master,0
grobid,grobidOrg/grobid,https://github.com/grobidOrg/grobid,4742,2012-09-13T15:48:54Z,2026-03-27T10:01:12Z,master,0
baseAdapter,hongyangAndroid/baseAdapter,https://github.com/hongyangAndroid/baseAdapter,4732,2015-08-03T02:55:51Z,2026-03-18T12:26:36Z,master,0
ForestBlog,saysky/ForestBlog,https://github.com/saysky/ForestBlog,4721,2017-10-08T15:27:47Z,2026-03-26T18:19:55Z,master,0
JSON-java,stleary/JSON-java,https://github.com/stleary/JSON-java,4717,2010-12-21T17:46:09Z,2026-03-26T16:52:57Z,master,0
cameraview,google/cameraview,https://github.com/google/cameraview,4713,2016-08-04T05:22:14Z,2026-03-25T16:07:08Z,master,0
spring-security-oauth,spring-attic/spring-security-oauth,https://github.com/spring-attic/spring-security-oauth,4699,2011-07-26T18:08:49Z,2026-03-27T10:26:22Z,main,0
libsvm,cjlin1/libsvm,https://github.com/cjlin1/libsvm,4696,2013-09-10T14:32:07Z,2026-03-26T12:27:21Z,master,0
Spring-Boot-In-Action,hansonwang99/Spring-Boot-In-Action,https://github.com/hansonwang99/Spring-Boot-In-Action,4695,2019-01-28T12:56:51Z,2026-03-21T19:49:10Z,master,0
esProc,SPLWare/esProc,https://github.com/SPLWare/esProc,4693,2021-11-09T15:41:25Z,2026-03-27T15:09:39Z,master,0
GDA-android-reversing-Tool,charles2gan/GDA-android-reversing-Tool,https://github.com/charles2gan/GDA-android-reversing-Tool,4691,2017-10-31T08:18:29Z,2026-03-26T05:56:22Z,master,0
ActiveAndroid,pardom-zz/ActiveAndroid,https://github.com/pardom-zz/ActiveAndroid,4688,2012-11-15T18:10:45Z,2026-03-22T14:17:23Z,master,0
chuck,jgilfelt/chuck,https://github.com/jgilfelt/chuck,4686,2017-02-07T23:51:39Z,2026-03-24T15:09:31Z,master,0
javacpp,bytedeco/javacpp,https://github.com/bytedeco/javacpp,4686,2014-04-21T12:47:21Z,2026-03-27T01:22:49Z,master,0
--,981011512/--,https://github.com/981011512/--,4683,2020-06-18T22:47:21Z,2026-03-27T08:26:02Z,master,0
oblivion,bepass-org/oblivion,https://github.com/bepass-org/oblivion,4682,2024-02-08T05:50:09Z,2026-03-27T13:24:18Z,main,0
SpringBoot-Shiro-Vue,Heeexy/SpringBoot-Shiro-Vue,https://github.com/Heeexy/SpringBoot-Shiro-Vue,4678,2017-11-17T18:49:06Z,2026-03-26T13:27:36Z,master,0
AndroRAT,karma9874/AndroRAT,https://github.com/karma9874/AndroRAT,4668,2020-03-22T09:31:28Z,2026-03-27T15:10:56Z,master,0
Ant-Media-Server,ant-media/Ant-Media-Server,https://github.com/ant-media/Ant-Media-Server,4654,2017-03-01T08:21:13Z,2026-03-27T11:36:02Z,master,0
AndroidHttpCapture,JZ-Darkal/AndroidHttpCapture,https://github.com/JZ-Darkal/AndroidHttpCapture,4650,2016-10-15T19:48:00Z,2026-03-24T15:09:30Z,master,0
JDA,discord-jda/JDA,https://github.com/discord-jda/JDA,4650,2015-12-12T13:57:32Z,2026-03-26T08:34:01Z,master,0
MaterialDateTimePicker,wdullaer/MaterialDateTimePicker,https://github.com/wdullaer/MaterialDateTimePicker,4642,2015-01-03T19:41:03Z,2026-03-25T12:22:53Z,master,0
WePush,rememberber/WePush,https://github.com/rememberber/WePush,4641,2017-06-23T09:03:36Z,2026-03-27T16:09:11Z,master,0
simplify,CalebFenton/simplify,https://github.com/CalebFenton/simplify,4638,2014-01-16T05:14:02Z,2026-03-25T19:16:35Z,master,0
GCViewer,chewiebug/GCViewer,https://github.com/chewiebug/GCViewer,4634,2011-10-23T09:01:04Z,2026-03-22T15:52:42Z,develop,0
PageIndicatorView,romandanylyk/PageIndicatorView,https://github.com/romandanylyk/PageIndicatorView,4633,2016-08-20T19:25:32Z,2026-03-23T17:56:13Z,master,0
cardslib,gabrielemariotti/cardslib,https://github.com/gabrielemariotti/cardslib,4632,2013-09-20T21:57:19Z,2026-03-20T04:59:18Z,master,0
MallChat,zongzibinbin/MallChat,https://github.com/zongzibinbin/MallChat,4631,2023-03-16T15:04:35Z,2026-03-27T15:47:35Z,main,0
crawler4j,yasserg/crawler4j,https://github.com/yasserg/crawler4j,4626,2011-12-31T22:49:18Z,2026-03-27T11:24:49Z,master,0
aurora,linhaojun857/aurora,https://github.com/linhaojun857/aurora,4626,2022-08-19T13:39:16Z,2026-03-27T11:00:58Z,master,0
concurrent,RedSpider1/concurrent,https://github.com/RedSpider1/concurrent,4621,2018-11-03T13:49:36Z,2026-03-20T01:18:41Z,develop,0
h2database,h2database/h2database,https://github.com/h2database/h2database,4621,2015-04-10T19:09:09Z,2026-03-27T17:44:50Z,master,0
ribbon,Netflix/ribbon,https://github.com/Netflix/ribbon,4617,2013-01-15T01:08:04Z,2026-03-24T02:03:36Z,master,0
rocketmq-externals,apache/rocketmq-externals,https://github.com/apache/rocketmq-externals,4615,2017-03-14T07:00:06Z,2026-03-27T10:11:09Z,master,0
BilibiliDown,nICEnnnnnnnLee/BilibiliDown,https://github.com/nICEnnnnnnnLee/BilibiliDown,4605,2019-01-23T06:56:46Z,2026-03-27T15:25:22Z,master,0
objectbox-java,objectbox/objectbox-java,https://github.com/objectbox/objectbox-java,4599,2017-01-24T10:29:48Z,2026-03-26T14:25:17Z,main,0
JAViewer,SplashCodes/JAViewer,https://github.com/SplashCodes/JAViewer,4590,2016-05-21T08:47:10Z,2026-03-27T10:12:09Z,master,0
AndroidTutorialForBeginners,hussien89aa/AndroidTutorialForBeginners,https://github.com/hussien89aa/AndroidTutorialForBeginners,4587,2016-09-26T16:36:28Z,2026-03-27T06:24:59Z,master,0
quasar,puniverse/quasar,https://github.com/puniverse/quasar,4564,2013-03-27T14:51:24Z,2026-03-27T01:18:58Z,master,0
HyperCeiler,ReChronoRain/HyperCeiler,https://github.com/ReChronoRain/HyperCeiler,4562,2023-10-27T17:17:42Z,2026-03-27T17:07:36Z,main,0
SimplifyReader,chentao0707/SimplifyReader,https://github.com/chentao0707/SimplifyReader,4559,2015-08-17T08:22:53Z,2026-03-10T05:47:46Z,master,0
Douya,zhanghai/Douya,https://github.com/zhanghai/Douya,4558,2016-02-01T13:44:19Z,2026-03-26T02:37:55Z,master,0
JGrowing,javagrowing/JGrowing,https://github.com/javagrowing/JGrowing,4552,2019-02-26T01:55:08Z,2026-03-26T10:21:30Z,master,0
epic,tiann/epic,https://github.com/tiann/epic,4543,2017-05-22T02:52:44Z,2026-03-24T09:42:49Z,master,0
go-lang-idea-plugin,go-lang-plugin-org/go-lang-idea-plugin,https://github.com/go-lang-plugin-org/go-lang-idea-plugin,4540,2010-08-29T08:20:01Z,2026-03-22T09:58:29Z,master,0
Depth-LIB-Android-,danielzeller/Depth-LIB-Android-,https://github.com/danielzeller/Depth-LIB-Android-,4540,2016-04-27T09:37:28Z,2026-03-13T18:37:12Z,master,0
sqlbrite,square/sqlbrite,https://github.com/square/sqlbrite,4537,2015-02-19T04:38:37Z,2026-03-10T07:43:20Z,trunk,0
android-crop,jdamcd/android-crop,https://github.com/jdamcd/android-crop,4535,2014-03-13T10:24:43Z,2026-03-25T02:47:10Z,master,0
java-algorithms-implementation,phishman3579/java-algorithms-implementation,https://github.com/phishman3579/java-algorithms-implementation,4531,2013-11-20T03:30:19Z,2026-03-27T03:13:44Z,master,0
novel-plus,201206030/novel-plus,https://github.com/201206030/novel-plus,4519,2020-05-02T07:15:43Z,2026-03-27T14:12:45Z,develop_xxy,0
dexposed,alibaba/dexposed,https://github.com/alibaba/dexposed,4518,2015-06-30T02:59:16Z,2026-03-17T07:10:18Z,master,0
jacoco,jacoco/jacoco,https://github.com/jacoco/jacoco,4517,2012-07-08T21:45:13Z,2026-03-27T09:37:51Z,master,0
IoT-Technical-Guide,IoT-Technology/IoT-Technical-Guide,https://github.com/IoT-Technology/IoT-Technical-Guide,4517,2019-04-02T01:52:44Z,2026-03-27T05:09:44Z,master,0
azkaban,azkaban/azkaban,https://github.com/azkaban/azkaban,4515,2012-10-18T01:34:53Z,2026-03-20T17:46:58Z,master,0
SmoothProgressBar,castorflex/SmoothProgressBar,https://github.com/castorflex/SmoothProgressBar,4515,2013-11-27T20:32:16Z,2026-03-26T09:35:56Z,master,0
bottomsheet,Flipboard/bottomsheet,https://github.com/Flipboard/bottomsheet,4506,2015-04-23T17:37:32Z,2026-03-13T18:47:28Z,master,0
Gadgetbridge,Freeyourgadget/Gadgetbridge,https://github.com/Freeyourgadget/Gadgetbridge,4487,2015-01-05T23:19:03Z,2026-03-26T15:27:40Z,master,0
bilibili-android-client,HotBitmapGG/bilibili-android-client,https://github.com/HotBitmapGG/bilibili-android-client,4486,2016-06-01T04:36:01Z,2026-03-22T12:46:37Z,master-x,0
flink-recommandSystem-demo,water8394/flink-recommandSystem-demo,https://github.com/water8394/flink-recommandSystem-demo,4473,2019-05-15T07:55:35Z,2026-03-26T06:25:10Z,master,0
NineOldAndroids,JakeWharton/NineOldAndroids,https://github.com/JakeWharton/NineOldAndroids,4472,2011-12-08T19:46:37Z,2026-02-24T09:30:11Z,master,0
Robust,Meituan-Dianping/Robust,https://github.com/Meituan-Dianping/Robust,4467,2017-03-14T10:14:50Z,2026-03-27T01:05:40Z,master,0
java-developer-roadmap,s4kibs4mi/java-developer-roadmap,https://github.com/s4kibs4mi/java-developer-roadmap,4453,2019-04-23T06:42:13Z,2026-03-27T15:24:39Z,main,0
flutter-webrtc,flutter-webrtc/flutter-webrtc,https://github.com/flutter-webrtc/flutter-webrtc,4452,2018-03-07T02:26:03Z,2026-03-26T21:40:17Z,main,0
shiro,apache/shiro,https://github.com/apache/shiro,4440,2009-08-29T08:00:17Z,2026-03-27T08:51:28Z,main,0
android-mvp-architecture,janishar/android-mvp-architecture,https://github.com/janishar/android-mvp-architecture,4432,2017-01-27T08:39:06Z,2026-03-26T15:42:01Z,master,0
moco,dreamhead/moco,https://github.com/dreamhead/moco,4431,2012-10-18T09:09:51Z,2026-03-26T21:39:50Z,master,0
android-times-square,square/android-times-square,https://github.com/square/android-times-square,4427,2013-01-30T20:28:27Z,2026-03-24T15:09:28Z,master,0
GT,Tencent/GT,https://github.com/Tencent/GT,4415,2016-01-13T10:29:55Z,2026-03-19T08:41:33Z,master,0
guide-rpc-framework,Snailclimb/guide-rpc-framework,https://github.com/Snailclimb/guide-rpc-framework,4399,2020-05-10T13:24:42Z,2026-03-27T17:03:14Z,master,0
OpenHub,ThirtyDegreesRay/OpenHub,https://github.com/ThirtyDegreesRay/OpenHub,4397,2017-07-11T13:29:51Z,2026-03-26T04:54:45Z,master,0
ticker,robinhood/ticker,https://github.com/robinhood/ticker,4383,2016-07-15T21:37:52Z,2026-03-25T16:07:05Z,master,0
crate,crate/crate,https://github.com/crate/crate,4376,2013-04-10T09:17:16Z,2026-03-27T15:19:54Z,master,0
mcaselector,Querz/mcaselector,https://github.com/Querz/mcaselector,4366,2018-04-22T22:23:26Z,2026-03-27T13:12:53Z,master,0
serve,pytorch/serve,https://github.com/pytorch/serve,4360,2019-10-03T03:17:43Z,2026-03-19T15:48:13Z,master,0
leet-code,awangdev/leet-code,https://github.com/awangdev/leet-code,4358,2015-04-25T19:14:09Z,2026-03-10T08:32:51Z,master,0
BottomNavigation,Ashok-Varma/BottomNavigation,https://github.com/Ashok-Varma/BottomNavigation,4358,2016-03-19T19:19:30Z,2026-03-26T08:41:09Z,master,0
frontend-maven-plugin,eirslett/frontend-maven-plugin,https://github.com/eirslett/frontend-maven-plugin,4350,2013-08-30T14:44:38Z,2026-03-18T17:47:38Z,master,0
signal-cli,AsamK/signal-cli,https://github.com/AsamK/signal-cli,4345,2015-05-11T10:49:42Z,2026-03-27T02:24:27Z,master,0
cyberduck,iterate-ch/cyberduck,https://github.com/iterate-ch/cyberduck,4341,2017-01-20T14:16:34Z,2026-03-27T09:43:06Z,master,0
LSPosed_mod,mywalkb/LSPosed_mod,https://github.com/mywalkb/LSPosed_mod,4340,2022-03-28T08:05:38Z,2026-03-27T14:27:11Z,main,0
folib,BoCloud/folib,https://github.com/BoCloud/folib,4324,2025-07-09T06:22:58Z,2026-03-27T13:52:41Z,main,0
dragonwell8,dragonwell-project/dragonwell8,https://github.com/dragonwell-project/dragonwell8,4321,2019-03-07T02:57:45Z,2026-03-25T11:46:10Z,master,0
zotfile,jlegewie/zotfile,https://github.com/jlegewie/zotfile,4319,2011-12-30T14:47:42Z,2026-03-27T13:55:19Z,master,0
jitsi,jitsi/jitsi,https://github.com/jitsi/jitsi,4318,2013-04-24T17:37:20Z,2026-03-27T15:34:31Z,master,0
ImagePicker,jeasonlzy/ImagePicker,https://github.com/jeasonlzy/ImagePicker,4311,2016-01-27T17:05:03Z,2026-03-24T23:12:10Z,master,0
open-location-code,google/open-location-code,https://github.com/google/open-location-code,4309,2014-09-30T18:26:35Z,2026-03-24T05:25:50Z,main,0
pdfsam,torakiki/pdfsam,https://github.com/torakiki/pdfsam,4307,2013-09-24T11:06:13Z,2026-03-27T17:55:48Z,master,0
failsafe,failsafe-lib/failsafe,https://github.com/failsafe-lib/failsafe,4307,2015-06-30T00:56:39Z,2026-03-23T08:19:33Z,master,0
BGARefreshLayout-Android,bingoogolapple/BGARefreshLayout-Android,https://github.com/bingoogolapple/BGARefreshLayout-Android,4304,2015-05-28T16:17:00Z,2026-03-18T12:26:34Z,master,0
geoserver,geoserver/geoserver,https://github.com/geoserver/geoserver,4303,2011-11-10T19:56:06Z,2026-03-27T08:51:34Z,main,0
streampark,apache/streampark,https://github.com/apache/streampark,4302,2019-05-27T05:56:03Z,2026-03-27T08:55:36Z,dev,0
jabref,JabRef/jabref,https://github.com/JabRef/jabref,4298,2014-03-11T14:48:42Z,2026-03-27T16:53:02Z,main,0
java-learning,brianway/java-learning,https://github.com/brianway/java-learning,4290,2016-02-09T05:20:58Z,2026-03-21T05:50:52Z,master,0
fory,apache/fory,https://github.com/apache/fory,4287,2023-04-28T03:57:00Z,2026-03-27T12:22:45Z,main,0
fastjson2,alibaba/fastjson2,https://github.com/alibaba/fastjson2,4283,2022-04-17T04:27:24Z,2026-03-27T11:53:01Z,main,0
InternetArchitect,bjmashibing/InternetArchitect,https://github.com/bjmashibing/InternetArchitect,4281,2019-10-19T16:32:01Z,2026-03-25T02:46:15Z,master,0
android-volley,mcxiaoke/android-volley,https://github.com/mcxiaoke/android-volley,4272,2013-05-21T05:35:26Z,2026-03-24T13:33:56Z,master,0
camunda-bpm-platform,camunda/camunda-bpm-platform,https://github.com/camunda/camunda-bpm-platform,4269,2013-01-03T10:10:31Z,2026-03-27T12:49:38Z,master,0
CircleIndicator,ongakuer/CircleIndicator,https://github.com/ongakuer/CircleIndicator,4266,2014-07-30T14:02:56Z,2026-03-19T14:36:22Z,master,0
android-autofittextview,grantland/android-autofittextview,https://github.com/grantland/android-autofittextview,4263,2011-02-14T06:00:52Z,2026-03-13T18:53:48Z,master,0
FairEmail,M66B/FairEmail,https://github.com/M66B/FairEmail,4256,2018-08-02T13:30:25Z,2026-03-27T10:51:44Z,master,0
coursera-android,aporter/coursera-android,https://github.com/aporter/coursera-android,4256,2014-01-05T09:55:31Z,2026-03-17T07:12:25Z,master,0
malmo,microsoft/malmo,https://github.com/microsoft/malmo,4253,2016-05-17T14:58:40Z,2026-03-26T03:07:55Z,master,0
dolby_beta,nining377/dolby_beta,https://github.com/nining377/dolby_beta,4248,2020-05-19T12:13:36Z,2026-03-27T13:31:49Z,master,0
hmily,dromara/hmily,https://github.com/dromara/hmily,4248,2017-09-28T06:29:01Z,2026-03-17T07:14:36Z,master,0
spring-boot-starter,mybatis/spring-boot-starter,https://github.com/mybatis/spring-boot-starter,4248,2015-09-25T13:05:15Z,2026-03-27T07:48:47Z,master,0
maxwell,zendesk/maxwell,https://github.com/zendesk/maxwell,4240,2015-02-09T22:06:13Z,2026-03-26T13:44:56Z,master,0
javassist,jboss-javassist/javassist,https://github.com/jboss-javassist/javassist,4230,2013-05-24T08:31:32Z,2026-03-23T13:02:35Z,master,0
OpenPDF,LibrePDF/OpenPDF,https://github.com/LibrePDF/OpenPDF,4217,2016-07-11T15:50:34Z,2026-03-26T21:40:05Z,master,0
fernflower,JetBrains/fernflower,https://github.com/JetBrains/fernflower,4214,2014-10-03T05:00:15Z,2026-03-25T17:18:37Z,master,0
ShineButton,ChadCSong/ShineButton,https://github.com/ChadCSong/ShineButton,4202,2016-07-05T06:32:26Z,2026-03-26T03:23:19Z,master,0
FloatWindow,yhaolpz/FloatWindow,https://github.com/yhaolpz/FloatWindow,4198,2017-11-14T14:33:55Z,2026-03-24T15:43:35Z,master,0
aws-sdk-java,aws/aws-sdk-java,https://github.com/aws/aws-sdk-java,4197,2010-03-22T23:34:58Z,2026-03-27T01:11:51Z,master,0
powermock,powermock/powermock,https://github.com/powermock/powermock,4187,2014-05-28T07:53:53Z,2026-03-26T06:22:28Z,release/2.x,0
JKeyboardPanelSwitch,Jacksgong/JKeyboardPanelSwitch,https://github.com/Jacksgong/JKeyboardPanelSwitch,4184,2015-07-01T17:42:01Z,2026-03-19T04:29:33Z,master,0
syncthing-android,syncthing/syncthing-android,https://github.com/syncthing/syncthing-android,4184,2014-02-22T17:15:19Z,2026-03-27T14:59:59Z,main,0
CoordinatorTabLayout,hugeterry/CoordinatorTabLayout,https://github.com/hugeterry/CoordinatorTabLayout,4183,2017-01-27T13:40:28Z,2026-03-18T12:27:02Z,master,0
tx-lcn,codingapi/tx-lcn,https://github.com/codingapi/tx-lcn,4183,2017-11-11T03:34:34Z,2026-03-27T03:57:28Z,dev6.0,0
campus-imaotai,oddfar/campus-imaotai,https://github.com/oddfar/campus-imaotai,4181,2023-07-07T10:37:13Z,2026-03-27T13:24:03Z,master,0
jmonkeyengine,jMonkeyEngine/jmonkeyengine,https://github.com/jMonkeyEngine/jmonkeyengine,4176,2014-03-20T22:29:28Z,2026-03-27T16:28:51Z,master,0
jshERP,jishenghua/jshERP,https://github.com/jishenghua/jshERP,4175,2016-09-20T04:51:39Z,2026-03-27T02:12:59Z,master,0
mlkit,googlesamples/mlkit,https://github.com/googlesamples/mlkit,4167,2020-05-28T21:40:38Z,2026-03-27T10:50:30Z,master,0
BGABanner-Android,bingoogolapple/BGABanner-Android,https://github.com/bingoogolapple/BGABanner-Android,4167,2014-10-25T17:15:18Z,2026-03-20T18:34:27Z,master,0
AndroidWiFiADB,pedrovgs/AndroidWiFiADB,https://github.com/pedrovgs/AndroidWiFiADB,4158,2015-10-18T21:58:45Z,2026-03-25T16:06:50Z,master,0
lilishop,lilishop/lilishop,https://github.com/lilishop/lilishop,4141,2021-05-14T01:28:51Z,2026-03-27T15:11:00Z,master,0
FlatLaf,JFormDesigner/FlatLaf,https://github.com/JFormDesigner/FlatLaf,4130,2019-08-19T10:27:05Z,2026-03-26T21:40:31Z,main,0
SmartCropper,pqpo/SmartCropper,https://github.com/pqpo/SmartCropper,4126,2017-08-03T11:08:41Z,2026-03-26T03:27:59Z,master,0
ShedLock,lukas-krecan/ShedLock,https://github.com/lukas-krecan/ShedLock,4123,2016-12-11T13:53:59Z,2026-03-27T17:38:35Z,master,0
HaE,gh0stkey/HaE,https://github.com/gh0stkey/HaE,4120,2020-03-24T10:12:50Z,2026-03-27T07:38:48Z,main,0
bitcoin-wallet,bitcoin-wallet/bitcoin-wallet,https://github.com/bitcoin-wallet/bitcoin-wallet,4114,2012-03-31T17:06:47Z,2026-03-27T07:35:32Z,main,0
LoadingDrawable,dinuscxj/LoadingDrawable,https://github.com/dinuscxj/LoadingDrawable,4106,2016-04-16T07:33:57Z,2026-03-26T02:39:47Z,master,0
chunjun,DTStack/chunjun,https://github.com/DTStack/chunjun,4105,2018-04-03T12:44:58Z,2026-03-26T00:37:51Z,master,0
Tangram-Android,alibaba/Tangram-Android,https://github.com/alibaba/Tangram-Android,4103,2017-03-29T13:29:57Z,2026-03-25T05:37:06Z,master,0
tiny-spring,code4craft/tiny-spring,https://github.com/code4craft/tiny-spring,4089,2014-01-10T16:37:57Z,2026-03-26T10:32:13Z,master,0
bistoury,qunarcorp/bistoury,https://github.com/qunarcorp/bistoury,4088,2019-08-01T07:54:25Z,2026-03-27T18:47:13Z,master,0
ExpandableTextView,Manabu-GT/ExpandableTextView,https://github.com/Manabu-GT/ExpandableTextView,4077,2014-05-17T19:40:15Z,2026-03-18T12:26:25Z,master,0
jodd,oblac/jodd,https://github.com/oblac/jodd,4074,2012-09-07T20:26:48Z,2026-03-26T21:39:50Z,master,0
hawk,orhanobut/hawk,https://github.com/orhanobut/hawk,4072,2015-02-19T22:25:23Z,2026-03-13T18:50:34Z,master,0
ViewPagerCards,rubensousa/ViewPagerCards,https://github.com/rubensousa/ViewPagerCards,4069,2016-08-20T15:24:12Z,2026-03-23T13:41:20Z,master,0
jetty.project,jetty/jetty.project,https://github.com/jetty/jetty.project,4066,2011-07-14T01:11:57Z,2026-03-26T22:35:33Z,jetty-12.1.x,0
ripme,RipMeApp/ripme,https://github.com/RipMeApp/ripme,4063,2017-01-06T17:12:09Z,2026-03-26T23:32:39Z,main,0
camunda,camunda/camunda,https://github.com/camunda/camunda,4058,2016-03-20T03:38:04Z,2026-03-27T18:07:24Z,main,0
XChange,knowm/XChange,https://github.com/knowm/XChange,4051,2012-02-02T10:48:28Z,2026-03-27T07:35:45Z,develop,0
java-tron,tronprotocol/java-tron,https://github.com/tronprotocol/java-tron,4046,2017-12-26T10:20:38Z,2026-03-27T13:18:42Z,develop,0
CC,luckybilly/CC,https://github.com/luckybilly/CC,4046,2017-11-23T16:26:33Z,2026-03-26T03:16:20Z,master,0
Create,Creators-of-Create/Create,https://github.com/Creators-of-Create/Create,4039,2019-07-18T08:27:10Z,2026-03-27T16:48:04Z,mc1.21.1/dev,0
freeplane,freeplane/freeplane,https://github.com/freeplane/freeplane,4026,2012-09-13T08:55:51Z,2026-03-27T10:41:16Z,1.13.x,0
NullAway,uber/NullAway,https://github.com/uber/NullAway,4025,2017-09-01T17:35:57Z,2026-03-26T19:25:35Z,master,0
XCL-Charts,xcltapestry/XCL-Charts,https://github.com/xcltapestry/XCL-Charts,4021,2014-06-09T15:44:50Z,2026-03-18T12:26:26Z,master,0
greys-anatomy,oldmanpushcart/greys-anatomy,https://github.com/oldmanpushcart/greys-anatomy,4019,2012-11-21T19:39:35Z,2026-03-26T04:01:29Z,master,0
Bolts-Android,BoltsFramework/Bolts-Android,https://github.com/BoltsFramework/Bolts-Android,4019,2014-01-30T04:58:14Z,2026-03-13T08:12:50Z,master,0
effective-java-3e-source-code,jbloch/effective-java-3e-source-code,https://github.com/jbloch/effective-java-3e-source-code,4015,2018-08-03T20:48:35Z,2026-03-24T05:44:16Z,master,0
awaitility,awaitility/awaitility,https://github.com/awaitility/awaitility,4002,2010-01-22T15:12:52Z,2026-03-26T08:12:15Z,master,0
FloatingActionButton,makovkastar/FloatingActionButton,https://github.com/makovkastar/FloatingActionButton,3998,2014-07-22T13:29:55Z,2026-03-25T15:08:20Z,master,0
interviewGuide,NotFound9/interviewGuide,https://github.com/NotFound9/interviewGuide,3995,2016-04-20T07:17:09Z,2026-03-25T08:54:52Z,master,0
Phoenix,Yalantis/Phoenix,https://github.com/Yalantis/Phoenix,3991,2015-01-12T14:11:20Z,2026-03-13T18:41:16Z,master,0
TwinklingRefreshLayout,lcodecorex/TwinklingRefreshLayout,https://github.com/lcodecorex/TwinklingRefreshLayout,3990,2016-03-02T12:11:56Z,2026-03-26T02:39:16Z,master,0
LiveEventBus,JeremyLiao/LiveEventBus,https://github.com/JeremyLiao/LiveEventBus,3987,2018-07-11T07:36:59Z,2026-03-27T02:13:58Z,master,0
BigImageViewer,Piasy/BigImageViewer,https://github.com/Piasy/BigImageViewer,3987,2016-11-06T09:55:02Z,2026-03-25T16:07:17Z,master,0
Leetcode,fishercoder1534/Leetcode,https://github.com/fishercoder1534/Leetcode,3980,2016-07-31T05:28:15Z,2026-03-26T15:07:11Z,master,0
hello-java,mouredev/hello-java,https://github.com/mouredev/hello-java,3976,2025-03-25T11:15:12Z,2026-03-27T16:03:18Z,main,0
screw,pingfangushi/screw,https://github.com/pingfangushi/screw,3976,2020-06-21T11:37:06Z,2026-03-22T22:38:03Z,master,0
BadgeView,qstumn/BadgeView,https://github.com/qstumn/BadgeView,3972,2017-02-08T02:01:39Z,2026-02-06T14:12:30Z,master,0
tech-weekly,mercyblitz/tech-weekly,https://github.com/mercyblitz/tech-weekly,3971,2018-12-03T03:10:52Z,2026-03-20T20:50:15Z,master,0
XposedInstaller,rovo89/XposedInstaller,https://github.com/rovo89/XposedInstaller,3971,2012-04-02T20:33:05Z,2026-03-25T16:06:53Z,master,0
BlurView,Dimezis/BlurView,https://github.com/Dimezis/BlurView,3964,2016-04-21T16:00:07Z,2026-03-27T05:41:10Z,master,0
RichText,zzhoujay/RichText,https://github.com/zzhoujay/RichText,3963,2015-07-21T09:36:01Z,2026-03-24T10:16:57Z,master,0
bundletool,google/bundletool,https://github.com/google/bundletool,3962,2018-05-04T07:24:09Z,2026-03-27T13:49:43Z,master,0
leetcode-editor,shuzijun/leetcode-editor,https://github.com/shuzijun/leetcode-editor,3959,2019-03-19T16:32:17Z,2026-03-27T03:13:27Z,master,0
java,kubernetes-client/java,https://github.com/kubernetes-client/java,3955,2017-05-08T21:52:58Z,2026-03-27T16:37:33Z,master,0
GuideView,binIoter/GuideView,https://github.com/binIoter/GuideView,3954,2016-06-19T08:52:25Z,2026-03-26T03:21:13Z,master,0
DataMiningAlgorithm,linyiqun/DataMiningAlgorithm,https://github.com/linyiqun/DataMiningAlgorithm,3951,2015-01-11T02:50:28Z,2026-03-26T04:05:01Z,master,0
TinyPinyin,promeG/TinyPinyin,https://github.com/promeG/TinyPinyin,3938,2015-09-30T03:24:50Z,2026-03-21T13:24:31Z,master,0
android-iconify,JoanZapata/android-iconify,https://github.com/JoanZapata/android-iconify,3932,2013-06-12T11:42:01Z,2026-03-25T16:06:57Z,master,0
RxJavaSamples,rengwuxian/RxJavaSamples,https://github.com/rengwuxian/RxJavaSamples,3924,2016-03-24T13:08:10Z,2026-03-09T04:20:42Z,2.x,0
sofa-rpc,sofastack/sofa-rpc,https://github.com/sofastack/sofa-rpc,3922,2018-04-09T03:32:04Z,2026-03-26T21:40:17Z,master,0
IDDD_Samples,VaughnVernon/IDDD_Samples,https://github.com/VaughnVernon/IDDD_Samples,3921,2013-04-08T22:12:57Z,2026-03-25T10:03:00Z,master,0
Launcher3,amirzaidi/Launcher3,https://github.com/amirzaidi/Launcher3,3907,2017-05-30T12:53:32Z,2026-03-24T15:54:45Z,o-mr1,0
learning-spark,databricks/learning-spark,https://github.com/databricks/learning-spark,3900,2014-06-16T04:47:54Z,2026-03-23T12:02:07Z,master,0
Conductor,bluelinelabs/Conductor,https://github.com/bluelinelabs/Conductor,3900,2016-03-16T18:42:41Z,2026-03-26T13:26:39Z,develop,0
shopizer,shopizer-ecommerce/shopizer,https://github.com/shopizer-ecommerce/shopizer,3899,2012-11-21T03:42:39Z,2026-03-26T22:23:06Z,3.2.7,0
BackgroundLibrary,JavaNoober/BackgroundLibrary,https://github.com/JavaNoober/BackgroundLibrary,3895,2018-09-09T08:52:45Z,2026-03-22T07:32:33Z,master,0
xboot,Exrick/xboot,https://github.com/Exrick/xboot,3892,2018-04-23T14:44:18Z,2026-03-23T08:03:21Z,master,0
jstorm,alibaba/jstorm,https://github.com/alibaba/jstorm,3885,2013-09-03T03:53:16Z,2026-03-17T07:09:33Z,master,0
Timeline-View,vipulasri/Timeline-View,https://github.com/vipulasri/Timeline-View,3882,2015-12-15T14:55:04Z,2026-03-26T03:23:04Z,master,0
DSBridge-Android,wendux/DSBridge-Android,https://github.com/wendux/DSBridge-Android,3880,2017-01-02T11:58:53Z,2026-03-26T00:40:03Z,master,0
react-native-share,react-native-share/react-native-share,https://github.com/react-native-share/react-native-share,3877,2015-09-30T02:27:34Z,2026-03-20T07:48:15Z,main,0
My-Blog,ZHENFENG13/My-Blog,https://github.com/ZHENFENG13/My-Blog,3877,2019-03-04T09:17:00Z,2026-03-24T09:27:49Z,master,0
Sui,RikkaApps/Sui,https://github.com/RikkaApps/Sui,3872,2021-01-03T08:26:16Z,2026-03-27T15:23:45Z,master,0
pixel-dungeon,watabou/pixel-dungeon,https://github.com/watabou/pixel-dungeon,3861,2014-07-26T17:34:32Z,2026-03-26T14:04:36Z,master,0
sticky-headers-recyclerview,timehop/sticky-headers-recyclerview,https://github.com/timehop/sticky-headers-recyclerview,3856,2014-10-03T01:57:46Z,2026-03-25T12:23:19Z,master,0
AndServer,yanzhenjie/AndServer,https://github.com/yanzhenjie/AndServer,3855,2016-06-14T00:52:52Z,2026-03-26T13:51:45Z,master,0
PCAPdroid,emanuele-f/PCAPdroid,https://github.com/emanuele-f/PCAPdroid,3855,2020-01-06T18:11:27Z,2026-03-27T13:23:11Z,master,0
yacy_search_server,yacy/yacy_search_server,https://github.com/yacy/yacy_search_server,3854,2015-03-22T12:54:20Z,2026-03-27T07:57:40Z,master,0
uncle-novel,uncle-novel/uncle-novel,https://github.com/uncle-novel/uncle-novel,3850,2018-12-11T12:15:30Z,2026-03-27T10:21:49Z,main,0
Terasology,MovingBlocks/Terasology,https://github.com/MovingBlocks/Terasology,3846,2011-03-04T03:49:19Z,2026-03-27T06:33:31Z,develop,0
RoaringBitmap,RoaringBitmap/RoaringBitmap,https://github.com/RoaringBitmap/RoaringBitmap,3845,2013-06-17T20:29:23Z,2026-03-25T23:09:49Z,master,0
spotbugs,spotbugs/spotbugs,https://github.com/spotbugs/spotbugs,3844,2016-11-04T22:18:08Z,2026-03-27T12:43:14Z,master,0
MaterialSearchView,MiguelCatalan/MaterialSearchView,https://github.com/MiguelCatalan/MaterialSearchView,3828,2015-09-14T17:13:46Z,2026-03-15T03:16:44Z,develop,0
ahbottomnavigation,aurelhubert/ahbottomnavigation,https://github.com/aurelhubert/ahbottomnavigation,3825,2016-03-17T12:17:56Z,2026-03-16T08:33:04Z,master,0
CircleProgress,happydog-intj/CircleProgress,https://github.com/happydog-intj/CircleProgress,3816,2014-10-30T16:14:42Z,2026-03-25T16:07:12Z,master,0
JCTools,JCTools/JCTools,https://github.com/JCTools/JCTools,3810,2013-11-10T18:04:40Z,2026-03-24T20:48:43Z,master,0
sofa-jraft,sofastack/sofa-jraft,https://github.com/sofastack/sofa-jraft,3800,2019-03-04T10:13:43Z,2026-03-24T07:39:48Z,master,0
blossom,blossom-editor/blossom,https://github.com/blossom-editor/blossom,3795,2023-08-07T03:02:17Z,2026-03-26T22:14:29Z,dev,0
MarqueeView,sunfusheng/MarqueeView,https://github.com/sunfusheng/MarqueeView,3790,2016-06-01T06:50:46Z,2026-03-26T03:22:29Z,master,0
SwipeDelMenuLayout,mcxtzhang/SwipeDelMenuLayout,https://github.com/mcxtzhang/SwipeDelMenuLayout,3788,2016-08-25T08:10:45Z,2026-03-26T03:32:12Z,master,0
NoHttp,yanzhenjie/NoHttp,https://github.com/yanzhenjie/NoHttp,3786,2015-07-29T06:11:12Z,2026-03-26T03:37:13Z,master,0
learning-note,rbmonster/learning-note,https://github.com/rbmonster/learning-note,3784,2020-06-15T16:47:25Z,2026-03-27T14:34:40Z,master,0
akhq,tchiotludo/akhq,https://github.com/tchiotludo/akhq,3783,2018-09-09T19:35:39Z,2026-03-27T15:52:21Z,dev,0
DevOps-Projects,NotHarshhaa/DevOps-Projects,https://github.com/NotHarshhaa/DevOps-Projects,3781,2023-08-09T04:19:38Z,2026-03-27T18:04:33Z,master,0
BannerViewPager,zhpanvip/BannerViewPager,https://github.com/zhpanvip/BannerViewPager,3778,2017-03-28T09:11:11Z,2026-03-25T13:21:24Z,master,0
mpush,mpusher/mpush,https://github.com/mpusher/mpush,3774,2016-04-28T01:43:19Z,2026-03-26T03:23:48Z,master,0
kylin,apache/kylin,https://github.com/apache/kylin,3766,2015-01-03T08:00:05Z,2026-03-19T01:00:27Z,kylin5,0
SuperTextView,lygttpod/SuperTextView,https://github.com/lygttpod/SuperTextView,3765,2016-10-19T04:06:54Z,2026-03-26T02:38:46Z,master,0
blurkit-android,CameraKit/blurkit-android,https://github.com/CameraKit/blurkit-android,3764,2016-11-06T03:14:58Z,2026-03-27T02:01:31Z,master,0
CustomActivityOnCrash,Ereza/CustomActivityOnCrash,https://github.com/Ereza/CustomActivityOnCrash,3762,2014-07-04T19:46:21Z,2026-03-20T06:41:32Z,master,0
helidon,helidon-io/helidon,https://github.com/helidon-io/helidon,3761,2018-08-27T11:03:52Z,2026-03-27T01:04:02Z,main,0
FoldCraftLauncher,FCL-Team/FoldCraftLauncher,https://github.com/FCL-Team/FoldCraftLauncher,3747,2022-10-19T10:12:18Z,2026-03-27T16:35:13Z,main,0
atmosphere,Atmosphere/atmosphere,https://github.com/Atmosphere/atmosphere,3745,2010-06-30T14:26:23Z,2026-03-27T18:42:02Z,main,0
roboguice,roboguice/roboguice,https://github.com/roboguice/roboguice,3744,2012-08-12T20:37:19Z,2026-03-02T04:05:49Z,master,0
tablesaw,jtablesaw/tablesaw,https://github.com/jtablesaw/tablesaw,3744,2016-01-01T14:58:28Z,2026-03-26T21:40:02Z,master,0
undertow,undertow-io/undertow,https://github.com/undertow-io/undertow,3743,2012-07-19T00:52:44Z,2026-03-26T21:39:50Z,main,0
maestro,Netflix/maestro,https://github.com/Netflix/maestro,3742,2024-04-17T01:15:56Z,2026-03-25T23:39:46Z,main,0
portfolio,portfolio-performance/portfolio,https://github.com/portfolio-performance/portfolio,3734,2012-03-24T09:43:08Z,2026-03-27T16:31:44Z,master,0
ShadowLayout,lihangleo2/ShadowLayout,https://github.com/lihangleo2/ShadowLayout,3731,2019-07-09T07:17:06Z,2026-03-24T09:12:08Z,master,0
JavaSourceCodeLearning,coderbruis/JavaSourceCodeLearning,https://github.com/coderbruis/JavaSourceCodeLearning,3731,2020-06-02T13:34:20Z,2026-03-27T06:04:04Z,master,0
andOTP,andOTP/andOTP,https://github.com/andOTP/andOTP,3730,2017-07-05T11:39:52Z,2026-03-19T18:07:56Z,master,0
Skeleton,ethanhua/Skeleton,https://github.com/ethanhua/Skeleton,3724,2017-07-30T06:42:39Z,2026-03-18T20:04:37Z,master,0
ChatKit,stfalcon-studio/ChatKit,https://github.com/stfalcon-studio/ChatKit,3722,2017-02-02T09:37:15Z,2026-03-16T08:24:00Z,master,0
Java,HelloWorld521/Java,https://github.com/HelloWorld521/Java,3715,2016-12-08T14:01:46Z,2026-03-27T06:56:59Z,master,0
dinky,DataLinkDC/dinky,https://github.com/DataLinkDC/dinky,3714,2021-06-09T07:11:26Z,2026-03-27T08:54:59Z,dev,0
spruce-android,willowtreeapps/spruce-android,https://github.com/willowtreeapps/spruce-android,3712,2017-02-23T20:34:18Z,2026-03-24T15:09:24Z,master,0
Play-with-Algorithms,liuyubobobo/Play-with-Algorithms,https://github.com/liuyubobobo/Play-with-Algorithms,3710,2016-07-05T18:16:22Z,2026-03-25T09:36:18Z,master,0
Chronicle-Queue,OpenHFT/Chronicle-Queue,https://github.com/OpenHFT/Chronicle-Queue,3707,2013-06-02T15:11:33Z,2026-03-27T14:11:13Z,ea,0
grpc-spring,grpc-ecosystem/grpc-spring,https://github.com/grpc-ecosystem/grpc-spring,3706,2016-12-30T09:06:15Z,2026-03-23T15:37:12Z,master,0
ByteLegend,ByteLegend/ByteLegend,https://github.com/ByteLegend/ByteLegend,3705,2021-02-01T10:11:30Z,2026-03-26T13:35:04Z,master,0
StylishMusicPlayer,ryanhoo/StylishMusicPlayer,https://github.com/ryanhoo/StylishMusicPlayer,3700,2016-09-13T14:38:32Z,2026-03-26T02:38:10Z,develop,0
liteflow,dromara/liteflow,https://github.com/dromara/liteflow,3698,2020-03-25T16:49:22Z,2026-03-27T10:40:09Z,master,0
Android-BluetoothKit,dingjikerbo/Android-BluetoothKit,https://github.com/dingjikerbo/Android-BluetoothKit,3695,2015-10-08T09:07:33Z,2026-03-22T14:25:31Z,master,0
jackson-databind,FasterXML/jackson-databind,https://github.com/FasterXML/jackson-databind,3695,2011-12-23T07:17:41Z,2026-03-27T18:06:06Z,3.x,0
dependency-track,DependencyTrack/dependency-track,https://github.com/DependencyTrack/dependency-track,3692,2013-07-16T19:16:43Z,2026-03-27T16:23:14Z,master,0
ftgo-application,microservices-patterns/ftgo-application,https://github.com/microservices-patterns/ftgo-application,3691,2017-10-23T04:30:04Z,2026-03-27T10:51:53Z,master,0
springdoc-openapi,springdoc/springdoc-openapi,https://github.com/springdoc/springdoc-openapi,3689,2019-07-11T23:08:20Z,2026-03-26T09:15:59Z,main,0
Iris,IrisShaders/Iris,https://github.com/IrisShaders/Iris,3689,2020-10-22T20:21:12Z,2026-03-27T10:48:29Z,1.21.9,0
incubator-heron,apache/incubator-heron,https://github.com/apache/incubator-heron,3687,2015-09-25T16:09:24Z,2026-03-18T12:37:52Z,master,0
smart-admin,1024-lab/smart-admin,https://github.com/1024-lab/smart-admin,3687,2019-11-16T02:30:31Z,2026-03-26T01:44:34Z,master,0
brigadier,Mojang/brigadier,https://github.com/Mojang/brigadier,3680,2014-09-15T08:48:24Z,2026-03-26T00:24:53Z,master,0
databus,linkedin/databus,https://github.com/linkedin/databus,3677,2012-12-17T17:49:17Z,2026-03-26T21:39:51Z,master,0
light-4j,networknt/light-4j,https://github.com/networknt/light-4j,3676,2016-09-09T22:28:14Z,2026-03-27T16:51:25Z,master,0
Cimoc,Haleydu/Cimoc,https://github.com/Haleydu/Cimoc,3675,2020-07-09T03:09:02Z,2026-03-27T15:40:54Z,release-tci,0
groupie,lisawray/groupie,https://github.com/lisawray/groupie,3668,2016-09-01T20:59:35Z,2026-03-25T14:02:23Z,master,0
ASimpleCache,yangfuhai/ASimpleCache,https://github.com/yangfuhai/ASimpleCache,3666,2013-07-28T13:50:59Z,2026-03-24T10:16:55Z,master,0
marshalsec,mbechler/marshalsec,https://github.com/mbechler/marshalsec,3665,2017-05-22T11:43:57Z,2026-03-27T04:47:09Z,master,0
rejoiner,google/rejoiner,https://github.com/google/rejoiner,3664,2017-12-06T19:09:53Z,2026-03-19T11:45:41Z,master,0
tika,apache/tika,https://github.com/apache/tika,3661,2009-05-21T02:12:11Z,2026-03-27T11:19:06Z,main,0
initializr,spring-io/initializr,https://github.com/spring-io/initializr,3659,2013-06-07T16:02:22Z,2026-03-27T13:59:29Z,main,0
Linkage-RecyclerView,KunMinX/Linkage-RecyclerView,https://github.com/KunMinX/Linkage-RecyclerView,3659,2019-04-22T04:39:46Z,2026-03-20T11:31:11Z,master,0
hackpad,dropbox/hackpad,https://github.com/dropbox/hackpad,3659,2015-08-14T02:32:17Z,2026-03-19T13:39:37Z,master,0
android-hidden-api,anggrayudi/android-hidden-api,https://github.com/anggrayudi/android-hidden-api,3657,2015-09-16T11:58:33Z,2026-03-27T18:26:09Z,master,0
libstreaming,fyhertz/libstreaming,https://github.com/fyhertz/libstreaming,3657,2013-01-30T21:24:47Z,2026-03-27T11:10:31Z,master,0
NewbieGuide,huburt-Hu/NewbieGuide,https://github.com/huburt-Hu/NewbieGuide,3645,2017-07-28T06:54:05Z,2026-03-26T03:21:14Z,master,0
ArchUnit,TNG/ArchUnit,https://github.com/TNG/ArchUnit,3642,2017-04-21T08:39:20Z,2026-03-26T23:11:07Z,main,0
kubernetes-client,fabric8io/kubernetes-client,https://github.com/fabric8io/kubernetes-client,3636,2015-07-09T15:43:13Z,2026-03-27T12:31:44Z,main,0
android-common,litesuits/android-common,https://github.com/litesuits/android-common,3630,2014-05-29T08:08:00Z,2026-03-24T15:09:23Z,master,0
spock,spockframework/spock,https://github.com/spockframework/spock,3625,2010-12-12T19:02:34Z,2026-03-23T20:01:20Z,master,0
Alink,alibaba/Alink,https://github.com/alibaba/Alink,3620,2018-09-30T06:36:11Z,2026-03-25T14:07:52Z,master,0
chatgpt-java,PlexPt/chatgpt-java,https://github.com/PlexPt/chatgpt-java,3616,2022-12-07T04:55:33Z,2026-03-27T10:48:38Z,main,0
data-transfer-project,dtinit/data-transfer-project,https://github.com/dtinit/data-transfer-project,3609,2018-01-04T21:27:57Z,2026-03-27T10:22:17Z,master,0
emojicon,rockerhieu/emojicon,https://github.com/rockerhieu/emojicon,3608,2014-01-18T12:32:38Z,2026-03-25T06:07:51Z,master,0
Android,hmkcode/Android,https://github.com/hmkcode/Android,3606,2013-09-02T16:12:28Z,2026-03-27T06:11:46Z,master,0
island,oasisfeng/island,https://github.com/oasisfeng/island,3605,2016-04-23T11:30:18Z,2026-03-27T13:12:04Z,master,0
android-maps-utils,googlemaps/android-maps-utils,https://github.com/googlemaps/android-maps-utils,3604,2013-05-17T00:08:48Z,2026-03-27T13:50:05Z,main,0
Nekogram,Nekogram/Nekogram,https://github.com/Nekogram/Nekogram,3598,2023-09-10T07:07:51Z,2026-03-27T07:27:43Z,main,0
termux-api,termux/termux-api,https://github.com/termux/termux-api,3594,2015-07-03T00:57:59Z,2026-03-27T01:49:53Z,master,0
android,cSploit/android,https://github.com/cSploit/android,3593,2014-10-04T05:53:29Z,2026-03-27T17:34:08Z,develop,0
logging-log4j2,apache/logging-log4j2,https://github.com/apache/logging-log4j2,3589,2013-06-12T07:00:19Z,2026-03-27T17:07:20Z,2.x,0
ExplosionField,tyrantgit/ExplosionField,https://github.com/tyrantgit/ExplosionField,3585,2015-09-23T11:34:50Z,2026-03-26T15:03:01Z,master,0
vertx-examples,vert-x3/vertx-examples,https://github.com/vert-x3/vertx-examples,3584,2015-02-24T17:42:44Z,2026-03-25T22:09:44Z,5.x,0
android-stackblur,kikoso/android-stackblur,https://github.com/kikoso/android-stackblur,3582,2013-08-15T14:44:32Z,2026-03-16T08:23:52Z,main,0
AppUpdate,WVector/AppUpdate,https://github.com/WVector/AppUpdate,3581,2017-06-19T09:38:42Z,2026-03-27T01:05:14Z,master,0
AxonFramework,AxonFramework/AxonFramework,https://github.com/AxonFramework/AxonFramework,3570,2011-12-02T16:04:42Z,2026-03-27T14:16:31Z,main,0
FlexibleAdapter,davideas/FlexibleAdapter,https://github.com/davideas/FlexibleAdapter,3570,2015-05-02T22:00:43Z,2026-03-26T13:25:51Z,master,0
DropDownMenu,dongjunkun/DropDownMenu,https://github.com/dongjunkun/DropDownMenu,3567,2015-06-23T07:43:56Z,2026-03-26T02:38:16Z,master,0
MyPerf4J,LinShunKang/MyPerf4J,https://github.com/LinShunKang/MyPerf4J,3565,2018-03-11T09:58:44Z,2026-03-26T21:40:17Z,develop,0
ThreeTenABP,JakeWharton/ThreeTenABP,https://github.com/JakeWharton/ThreeTenABP,3558,2015-07-03T17:35:09Z,2026-03-25T12:19:32Z,trunk,0
netty-learning,code4craft/netty-learning,https://github.com/code4craft/netty-learning,3554,2013-09-19T02:24:25Z,2026-03-18T15:26:20Z,master,0
MagicaSakura,bilibili/MagicaSakura,https://github.com/bilibili/MagicaSakura,3552,2016-06-23T07:54:59Z,2026-03-10T03:31:24Z,master,0
immutables,immutables/immutables,https://github.com/immutables/immutables,3548,2013-07-07T13:48:23Z,2026-03-22T17:04:10Z,master,0
RxAndroidBle,dariuszseweryn/RxAndroidBle,https://github.com/dariuszseweryn/RxAndroidBle,3547,2016-02-04T13:42:02Z,2026-03-26T02:39:56Z,master,0
concurrency-limits,Netflix/concurrency-limits,https://github.com/Netflix/concurrency-limits,3546,2017-12-11T19:32:41Z,2026-03-26T19:49:13Z,main,0
parceler,johncarl81/parceler,https://github.com/johncarl81/parceler,3538,2013-07-03T02:53:01Z,2026-03-22T10:07:15Z,master,0
NetGuard,M66B/NetGuard,https://github.com/M66B/NetGuard,3535,2015-10-24T17:59:20Z,2026-03-27T10:50:35Z,master,0
floatingsearchview,arimorty/floatingsearchview,https://github.com/arimorty/floatingsearchview,3534,2015-11-22T02:38:32Z,2026-03-23T17:56:31Z,master,0
proguard,Guardsquare/proguard,https://github.com/Guardsquare/proguard,3534,2019-03-27T16:35:35Z,2026-03-27T15:53:05Z,master,0
spring-cloud-kubernetes,spring-cloud/spring-cloud-kubernetes,https://github.com/spring-cloud/spring-cloud-kubernetes,3532,2016-12-13T21:36:25Z,2026-03-27T16:58:37Z,main,0
retrolambda,luontola/retrolambda,https://github.com/luontola/retrolambda,3527,2013-07-20T07:25:22Z,2026-03-22T03:53:56Z,master,0
Music-Player,andremion/Music-Player,https://github.com/andremion/Music-Player,3523,2016-05-06T21:55:37Z,2026-03-25T16:07:02Z,master,0
sndcpy,rom1v/sndcpy,https://github.com/rom1v/sndcpy,3519,2020-06-09T19:36:57Z,2026-03-26T12:31:39Z,master,0
JavaEETest,lenve/JavaEETest,https://github.com/lenve/JavaEETest,3515,2016-12-13T02:13:58Z,2026-03-27T09:35:18Z,master,0
12306,nageoffer/12306,https://github.com/nageoffer/12306,3511,2023-05-30T04:08:28Z,2026-03-27T17:43:18Z,main,0
openj9,eclipse-openj9/openj9,https://github.com/eclipse-openj9/openj9,3509,2017-08-25T13:46:07Z,2026-03-27T10:33:42Z,master,0
SAI,Aefyr/SAI,https://github.com/Aefyr/SAI,3509,2018-12-14T19:22:27Z,2026-03-27T13:17:56Z,master,0
RecyclerViewPager,lsjwzh/RecyclerViewPager,https://github.com/lsjwzh/RecyclerViewPager,3506,2015-01-17T18:30:34Z,2026-03-14T07:36:17Z,master,0
Store,nytimes/Store,https://github.com/nytimes/Store,3503,2016-11-29T20:17:11Z,2026-03-25T16:07:19Z,feature/rx2,0
SwipeMenuListView,baoyongzhang/SwipeMenuListView,https://github.com/baoyongzhang/SwipeMenuListView,3501,2014-08-24T15:40:45Z,2026-03-11T08:26:54Z,master,0
GeekNews,codeestX/GeekNews,https://github.com/codeestX/GeekNews,3500,2016-08-07T14:56:56Z,2026-03-10T02:04:09Z,master,0
commafeed,Athou/commafeed,https://github.com/Athou/commafeed,3491,2013-03-20T19:32:09Z,2026-03-27T14:21:38Z,master,0
incubator-kie-optaplanner,apache/incubator-kie-optaplanner,https://github.com/apache/incubator-kie-optaplanner,3491,2011-02-15T19:38:23Z,2026-03-26T23:44:59Z,main,0
LoadSir,KingJA/LoadSir,https://github.com/KingJA/LoadSir,3486,2017-09-02T08:32:15Z,2026-03-20T06:41:34Z,master,0
Toaster,getActivity/Toaster,https://github.com/getActivity/Toaster,3480,2018-09-16T05:28:57Z,2026-03-23T06:35:26Z,master,0
migration,phodal/migration,https://github.com/phodal/migration,3477,2020-01-08T02:11:38Z,2026-03-24T08:14:25Z,master,0
my-site,WinterChenS/my-site,https://github.com/WinterChenS/my-site,3475,2018-05-03T09:05:37Z,2026-03-27T14:21:51Z,master,0
BottomNavigationViewEx,ittianyu/BottomNavigationViewEx,https://github.com/ittianyu/BottomNavigationViewEx,3474,2016-11-12T08:39:38Z,2026-03-22T15:58:49Z,master,0
